Store,Date,Weekly_Sales,Holiday_Flag,Temperature,Fuel_Price,CPI,Unemployment
1,5/2/2010,1643690.9,0.00,42.31,2.57,211.10,8.11
1,12/2/2010,1641957.44,1.00,38.51,2.55,211.24,8.11
1,19-02-2010,1611968.17,0.00,39.93,2.51,211.29,8.11
1,26-02-2010,1409727.59,0.00,46.63,2.56,211.32,8.11
1,5/3/2010,1554806.68,0.00,46.50,2.63,211.35,8.11
1,12/3/2010,1439541.59,0.00,57.79,2.67,211.38,8.11
1,19-03-2010,1472515.79,0.00,54.58,2.72,211.22,8.11
1,26-03-2010,1404429.92,0.00,51.45,2.73,211.02,8.11
1,2/4/2010,1594968.28,0.00,62.27,2.72,210.82,7.81
1,9/4/2010,1545418.53,0.00,65.86,2.77,210.62,7.81
1,16-04-2010,1466058.28,0.00,66.32,2.81,210.49,7.81
1,23-04-2010,1391256.12,0.00,64.84,2.80,210.44,7.81
1,30-04-2010,1425100.71,0.00,67.41,2.78,210.39,7.81
1,7/5/2010,1603955.12,0.00,72.55,2.84,210.34,7.81
1,14-05-2010,1494251.5,0.00,74.78,2.85,210.34,7.81
1,21-05-2010,1399662.07,0.00,76.44,2.83,210.62,7.81
1,28-05-2010,1432069.95,0.00,80.44,2.76,210.90,7.81
1,4/6/2010,1615524.71,0.00,80.69,2.71,211.18,7.81
1,11/6/2010,1542561.09,0.00,80.43,2.67,211.46,7.81
1,18-06-2010,1503284.06,0.00,84.11,2.64,211.45,7.81
1,25-06-2010,1422711.6,0.00,84.34,2.65,211.34,7.81
1,2/7/2010,1492418.14,0.00,80.91,2.67,211.22,7.79
1,9/7/2010,1546074.18,0.00,80.48,2.64,211.11,7.79
1,16-07-2010,1448938.92,0.00,83.15,2.62,211.10,7.79
1,23-07-2010,1385065.2,0.00,83.36,2.61,211.24,7.79
1,30-07-2010,1371986.6,0.00,81.84,2.64,211.37,7.79
1,6/8/2010,1605491.78,0.00,87.16,2.63,211.50,7.79
1,13-08-2010,1508237.76,0.00,87.00,2.69,211.64,7.79
1,20-08-2010,1513080.49,0.00,86.65,2.66,211.60,7.79
1,27-08-2010,1449142.92,0.00,85.22,2.62,211.57,7.79
1,3/9/2010,1540163.53,0.00,81.21,2.58,211.53,7.79
1,10/9/2010,1507460.69,1.00,78.69,2.57,211.50,7.79
1,17-09-2010,1430378.67,0.00,82.11,2.58,211.52,7.79
1,24-09-2010,1351791.03,0.00,80.94,2.62,211.60,7.79
1,1/10/2010,1453329.5,0.00,71.89,2.60,211.67,7.84
1,8/10/2010,1508239.93,0.00,63.93,2.63,211.75,7.84
1,15-10-2010,1459409.1,0.00,67.18,2.72,211.81,7.84
1,22-10-2010,1345454,0.00,69.86,2.73,211.86,7.84
1,29-10-2010,1384209.22,0.00,69.64,2.72,211.91,7.84
1,5/11/2010,1551659.28,0.00,58.74,2.69,211.96,7.84
1,12/11/2010,1494479.49,0.00,59.61,2.73,212.00,7.84
1,19-11-2010,1483784.18,0.00,51.41,2.77,211.89,7.84
1,26-11-2010,1955624.11,1.00,64.52,2.74,211.75,7.84
1,3/12/2010,1548033.78,0.00,49.27,2.71,211.61,7.84
1,10/12/2010,1682614.26,0.00,46.33,2.84,211.47,7.84
1,17-12-2010,1891034.93,0.00,49.84,2.87,211.41,7.84
1,24-12-2010,2387950.2,0.00,52.33,2.89,211.41,7.84
1,31-12-2010,1367320.01,1.00,48.43,2.94,211.40,7.84
1,7/1/2011,1444732.28,0.00,48.27,2.98,211.40,7.74
1,14-01-2011,1391013.96,0.00,35.40,2.98,211.46,7.74
1,21-01-2011,1327405.42,0.00,44.04,3.02,211.83,7.74
1,28-01-2011,1316899.31,0.00,43.83,3.01,212.20,7.74
1,4/2/2011,1606629.58,0.00,42.27,2.99,212.57,7.74
1,11/2/2011,1649614.93,1.00,36.39,3.02,212.94,7.74
1,18-02-2011,1686842.78,0.00,57.36,3.05,213.25,7.74
1,25-02-2011,1456800.28,0.00,62.90,3.07,213.54,7.74
1,4/3/2011,1636263.41,0.00,59.58,3.29,213.82,7.74
1,11/3/2011,1553191.63,0.00,53.56,3.46,214.11,7.74
1,18-03-2011,1576818.06,0.00,62.76,3.49,214.36,7.74
1,25-03-2011,1541102.38,0.00,69.97,3.47,214.60,7.74
1,1/4/2011,1495064.75,0.00,59.17,3.52,214.84,7.68
1,8/4/2011,1614259.35,0.00,67.84,3.62,215.07,7.68
1,15-04-2011,1559889,0.00,71.27,3.74,215.29,7.68
1,22-04-2011,1564819.81,0.00,72.99,3.81,215.46,7.68
1,29-04-2011,1455090.69,0.00,72.03,3.81,215.63,7.68
1,6/5/2011,1629391.28,0.00,64.61,3.91,215.80,7.68
1,13-05-2011,1604775.58,0.00,75.64,3.90,215.96,7.68
1,20-05-2011,1428218.27,0.00,67.63,3.91,215.73,7.68
1,27-05-2011,1466046.67,0.00,77.72,3.79,215.50,7.68
1,3/6/2011,1635078.41,0.00,83.00,3.70,215.27,7.68
1,10/6/2011,1588948.32,0.00,83.13,3.65,215.04,7.68
1,17-06-2011,1532114.86,0.00,86.41,3.64,215.00,7.68
1,24-06-2011,1438830.15,0.00,83.58,3.59,215.09,7.68
1,1/7/2011,1488538.09,0.00,85.55,3.52,215.18,7.96
1,8/7/2011,1534849.64,0.00,85.83,3.48,215.28,7.96
1,15-07-2011,1455119.97,0.00,88.54,3.58,215.36,7.96
1,22-07-2011,1396926.82,0.00,85.77,3.65,215.42,7.96
1,29-07-2011,1352219.79,0.00,86.83,3.68,215.48,7.96
1,5/8/2011,1624383.75,0.00,91.65,3.68,215.54,7.96
1,12/8/2011,1525147.09,0.00,90.76,3.64,215.61,7.96
1,19-08-2011,1530761.43,0.00,89.94,3.55,215.67,7.96
1,26-08-2011,1464693.46,0.00,87.96,3.52,215.73,7.96
1,2/9/2011,1550229.22,0.00,87.83,3.53,215.80,7.96
1,9/9/2011,1540471.24,1.00,76.00,3.55,215.86,7.96
1,16-09-2011,1514259.78,0.00,79.94,3.53,216.04,7.96
1,23-09-2011,1380020.27,0.00,75.80,3.47,216.38,7.96
1,30-09-2011,1394561.83,0.00,79.69,3.36,216.71,7.96
1,7/10/2011,1630989.95,0.00,69.31,3.29,217.05,7.87
1,14-10-2011,1493525.93,0.00,71.74,3.27,217.36,7.87
1,21-10-2011,1502562.78,0.00,63.71,3.35,217.52,7.87
1,28-10-2011,1445249.09,0.00,66.57,3.37,217.68,7.87
1,4/11/2011,1697229.58,0.00,54.98,3.33,217.84,7.87
1,11/11/2011,1594938.89,0.00,59.11,3.30,218.00,7.87
1,18-11-2011,1539483.7,0.00,62.25,3.31,218.22,7.87
1,25-11-2011,2033320.66,1.00,60.14,3.24,218.47,7.87
1,2/12/2011,1584083.95,0.00,48.91,3.17,218.71,7.87
1,9/12/2011,1799682.38,0.00,43.93,3.16,218.96,7.87
1,16-12-2011,1881176.67,0.00,51.63,3.16,219.18,7.87
1,23-12-2011,2270188.99,0.00,47.96,3.11,219.36,7.87
1,30-12-2011,1497462.72,1.00,44.55,3.13,219.54,7.87
1,6/1/2012,1550369.92,0.00,49.01,3.16,219.71,7.35
1,13-01-2012,1459601.17,0.00,48.53,3.26,219.89,7.35
1,20-01-2012,1394393.84,0.00,54.11,3.27,219.99,7.35
1,27-01-2012,1319325.59,0.00,54.26,3.29,220.08,7.35
1,3/2/2012,1636339.65,0.00,56.55,3.36,220.17,7.35
1,10/2/2012,1802477.43,1.00,48.02,3.41,220.27,7.35
1,17-02-2012,1819870,0.00,45.32,3.51,220.43,7.35
1,24-02-2012,1539387.83,0.00,57.25,3.56,220.64,7.35
1,2/3/2012,1688420.76,0.00,60.96,3.63,220.85,7.35
1,9/3/2012,1675431.16,0.00,58.76,3.67,221.06,7.35
1,16-03-2012,1677472.78,0.00,64.74,3.73,221.21,7.35
1,23-03-2012,1511068.07,0.00,65.93,3.79,221.29,7.35
1,30-03-2012,1649604.63,0.00,67.61,3.85,221.36,7.35
1,6/4/2012,1899676.88,0.00,70.43,3.89,221.44,7.14
1,13-04-2012,1621031.7,0.00,69.07,3.89,221.51,7.14
1,20-04-2012,1521577.87,0.00,66.76,3.88,221.56,7.14
1,27-04-2012,1468928.37,0.00,67.23,3.81,221.62,7.14
1,4/5/2012,1684519.99,0.00,75.55,3.75,221.67,7.14
1,11/5/2012,1611096.05,0.00,73.77,3.69,221.73,7.14
1,18-05-2012,1595901.87,0.00,70.33,3.63,221.74,7.14
1,25-05-2012,1555444.55,0.00,77.22,3.56,221.74,7.14
1,1/6/2012,1624477.58,0.00,77.95,3.50,221.75,7.14
1,8/6/2012,1697230.96,0.00,78.30,3.45,221.75,7.14
1,15-06-2012,1630607,0.00,79.35,3.39,221.76,7.14
1,22-06-2012,1527845.81,0.00,78.39,3.35,221.80,7.14
1,29-06-2012,1540421.49,0.00,84.88,3.29,221.84,7.14
1,6/7/2012,1769854.16,0.00,81.57,3.23,221.88,6.91
1,13-07-2012,1527014.04,0.00,77.12,3.26,221.92,6.91
1,20-07-2012,1497954.76,0.00,80.42,3.31,221.93,6.91
1,27-07-2012,1439123.71,0.00,82.66,3.41,221.94,6.91
1,3/8/2012,1631135.79,0.00,86.11,3.42,221.95,6.91
1,10/8/2012,1592409.97,0.00,85.05,3.49,221.96,6.91
1,17-08-2012,1597868.05,0.00,84.85,3.57,222.04,6.91
1,24-08-2012,1494122.38,0.00,77.66,3.62,222.17,6.91
1,31-08-2012,1582083.4,0.00,80.49,3.64,222.31,6.91
1,7/9/2012,1661767.33,1.00,83.96,3.73,222.44,6.91
1,14-09-2012,1517428.87,0.00,74.97,3.72,222.58,6.91
1,21-09-2012,1506126.06,0.00,69.87,3.72,222.78,6.91
1,28-09-2012,1437059.26,0.00,76.08,3.67,222.98,6.91
1,5/10/2012,1670785.97,0.00,68.55,3.62,223.18,6.57
1,12/10/2012,1573072.81,0.00,62.99,3.60,223.38,6.57
1,19-10-2012,1508068.77,0.00,67.97,3.59,223.43,6.57
1,26-10-2012,1493659.74,0.00,69.16,3.51,223.44,6.57
2,5/2/2010,2136989.46,0.00,40.19,2.57,210.75,8.32
2,12/2/2010,2137809.5,1.00,38.49,2.55,210.90,8.32
2,19-02-2010,2124451.54,0.00,39.69,2.51,210.95,8.32
2,26-02-2010,1865097.27,0.00,46.10,2.56,210.98,8.32
2,5/3/2010,1991013.13,0.00,47.17,2.63,211.01,8.32
2,12/3/2010,1990483.78,0.00,57.56,2.67,211.04,8.32
2,19-03-2010,1946070.88,0.00,54.52,2.72,210.87,8.32
2,26-03-2010,1750197.81,0.00,51.26,2.73,210.68,8.32
2,2/4/2010,2066187.72,0.00,63.27,2.72,210.48,8.20
2,9/4/2010,1954689.21,0.00,65.41,2.77,210.28,8.20
2,16-04-2010,1874957.94,0.00,68.07,2.81,210.15,8.20
2,23-04-2010,1821990.93,0.00,65.11,2.80,210.10,8.20
2,30-04-2010,1802450.29,0.00,66.98,2.78,210.05,8.20
2,7/5/2010,2042581.71,0.00,71.28,2.84,210.00,8.20
2,14-05-2010,1880752.36,0.00,73.31,2.85,210.00,8.20
2,21-05-2010,1896937.1,0.00,74.83,2.83,210.28,8.20
2,28-05-2010,1957113.89,0.00,81.13,2.76,210.56,8.20
2,4/6/2010,2102539.93,0.00,81.81,2.71,210.83,8.20
2,11/6/2010,2025538.76,0.00,83.40,2.67,211.11,8.20
2,18-06-2010,2001636.96,0.00,85.81,2.64,211.11,8.20
2,25-06-2010,1939927.09,0.00,86.26,2.65,211.00,8.20
2,2/7/2010,2003940.64,0.00,82.74,2.67,210.88,8.10
2,9/7/2010,1880902.62,0.00,82.59,2.64,210.77,8.10
2,16-07-2010,1845879.79,0.00,85.32,2.62,210.76,8.10
2,23-07-2010,1781717.71,0.00,87.66,2.61,210.89,8.10
2,30-07-2010,1804246.16,0.00,83.49,2.64,211.03,8.10
2,6/8/2010,1991909.98,0.00,89.53,2.63,211.16,8.10
2,13-08-2010,1895601.05,0.00,89.05,2.69,211.30,8.10
2,20-08-2010,1964335.23,0.00,88.70,2.66,211.26,8.10
2,27-08-2010,1863840.49,0.00,87.12,2.62,211.22,8.10
2,3/9/2010,1904608.09,0.00,81.83,2.58,211.19,8.10
2,10/9/2010,1839128.83,1.00,79.09,2.57,211.15,8.10
2,17-09-2010,1793903.6,0.00,82.05,2.58,211.18,8.10
2,24-09-2010,1724557.22,0.00,81.79,2.62,211.26,8.10
2,1/10/2010,1827440.43,0.00,69.24,2.60,211.33,8.16
2,8/10/2010,1849921.44,0.00,63.19,2.63,211.40,8.16
2,15-10-2010,1794355.49,0.00,65.80,2.72,211.47,8.16
2,22-10-2010,1737947.64,0.00,68.50,2.73,211.52,8.16
2,29-10-2010,1802755.11,0.00,66.24,2.72,211.57,8.16
2,5/11/2010,1939061.41,0.00,57.85,2.69,211.61,8.16
2,12/11/2010,1916812.74,0.00,59.69,2.73,211.66,8.16
2,19-11-2010,1956739.17,0.00,50.81,2.77,211.55,8.16
2,26-11-2010,2658725.29,1.00,62.98,2.74,211.41,8.16
2,3/12/2010,2015781.27,0.00,49.33,2.71,211.27,8.16
2,10/12/2010,2378726.55,0.00,45.50,2.84,211.12,8.16
2,17-12-2010,2609166.75,0.00,47.55,2.87,211.06,8.16
2,24-12-2010,3436007.68,0.00,49.97,2.89,211.06,8.16
2,31-12-2010,1750434.55,1.00,47.30,2.94,211.06,8.16
2,7/1/2011,1758050.79,0.00,44.69,2.98,211.06,8.03
2,14-01-2011,1744193.58,0.00,33.02,2.98,211.12,8.03
2,21-01-2011,1751384.9,0.00,41.40,3.02,211.49,8.03
2,28-01-2011,1695371.68,0.00,42.83,3.01,211.86,8.03
2,4/2/2011,1929346.23,0.00,38.25,2.99,212.22,8.03
2,11/2/2011,2168041.61,1.00,33.19,3.02,212.59,8.03
2,18-02-2011,2080884.82,0.00,57.83,3.05,212.90,8.03
2,25-02-2011,1833511.08,0.00,60.80,3.07,213.19,8.03
2,4/3/2011,1981607.78,0.00,57.77,3.29,213.48,8.03
2,11/3/2011,1879107.31,0.00,52.70,3.46,213.76,8.03
2,18-03-2011,1902557.66,0.00,62.32,3.49,214.02,8.03
2,25-03-2011,1766162.05,0.00,69.42,3.47,214.25,8.03
2,1/4/2011,1800171.36,0.00,55.43,3.52,214.49,7.93
2,8/4/2011,1847552.61,0.00,67.00,3.62,214.73,7.93
2,15-04-2011,1856467.84,0.00,69.48,3.74,214.94,7.93
2,22-04-2011,1886339.6,0.00,69.39,3.81,215.11,7.93
2,29-04-2011,1745545.28,0.00,69.21,3.81,215.28,7.93
2,6/5/2011,1837743.6,0.00,61.48,3.91,215.44,7.93
2,13-05-2011,1838513.07,0.00,74.61,3.90,215.61,7.93
2,20-05-2011,1688281.86,0.00,67.14,3.91,215.38,7.93
2,27-05-2011,1797732.56,0.00,76.42,3.79,215.15,7.93
2,3/6/2011,1933756.21,0.00,83.07,3.70,214.93,7.93
2,10/6/2011,1929153.16,0.00,83.40,3.65,214.70,7.93
2,17-06-2011,1953771.99,0.00,86.53,3.64,214.65,7.93
2,24-06-2011,1790925.8,0.00,85.17,3.59,214.74,7.93
2,1/7/2011,1866243,0.00,85.69,3.52,214.84,7.85
2,8/7/2011,1853161.99,0.00,87.70,3.48,214.93,7.85
2,15-07-2011,1785187.29,0.00,89.83,3.58,215.01,7.85
2,22-07-2011,1743816.41,0.00,89.34,3.65,215.07,7.85
2,29-07-2011,1680693.06,0.00,90.07,3.68,215.14,7.85
2,5/8/2011,1876704.26,0.00,93.34,3.68,215.20,7.85
2,12/8/2011,1812768.26,0.00,91.58,3.64,215.26,7.85
2,19-08-2011,1844094.59,0.00,89.86,3.55,215.32,7.85
2,26-08-2011,1821139.91,0.00,90.45,3.52,215.39,7.85
2,2/9/2011,1809119.7,0.00,89.64,3.53,215.45,7.85
2,9/9/2011,1748000.65,1.00,77.97,3.55,215.51,7.85
2,16-09-2011,1691439.52,0.00,78.85,3.53,215.69,7.85
2,23-09-2011,1669299.78,0.00,75.58,3.47,216.03,7.85
2,30-09-2011,1650394.44,0.00,78.14,3.36,216.36,7.85
2,7/10/2011,1837553.43,0.00,69.92,3.29,216.70,7.44
2,14-10-2011,1743882.19,0.00,71.67,3.27,217.00,7.44
2,21-10-2011,1834680.25,0.00,64.53,3.35,217.17,7.44
2,28-10-2011,1769296.25,0.00,65.87,3.37,217.33,7.44
2,4/11/2011,1959707.9,0.00,55.53,3.33,217.49,7.44
2,11/11/2011,1920725.15,0.00,59.33,3.30,217.65,7.44
2,18-11-2011,1902762.5,0.00,62.01,3.31,217.87,7.44
2,25-11-2011,2614202.3,1.00,56.36,3.24,218.11,7.44
2,2/12/2011,1954952,0.00,48.74,3.17,218.36,7.44
2,9/12/2011,2290549.32,0.00,41.76,3.16,218.61,7.44
2,16-12-2011,2432736.52,0.00,50.13,3.16,218.82,7.44
2,23-12-2011,3224369.8,0.00,46.66,3.11,219.00,7.44
2,30-12-2011,1874226.52,1.00,44.57,3.13,219.18,7.44
2,6/1/2012,1799520.14,0.00,46.75,3.16,219.36,7.06
2,13-01-2012,1744725.48,0.00,45.99,3.26,219.53,7.06
2,20-01-2012,1711769.11,0.00,51.70,3.27,219.63,7.06
2,27-01-2012,1660906.14,0.00,50.50,3.29,219.72,7.06
2,3/2/2012,1935299.94,0.00,55.21,3.36,219.81,7.06
2,10/2/2012,2103322.68,1.00,46.98,3.41,219.90,7.06
2,17-02-2012,2196688.46,0.00,43.82,3.51,220.07,7.06
2,24-02-2012,1861802.7,0.00,54.63,3.56,220.28,7.06
2,2/3/2012,1952555.66,0.00,58.79,3.63,220.49,7.06
2,9/3/2012,1937628.26,0.00,57.11,3.67,220.70,7.06
2,16-03-2012,1976082.13,0.00,63.68,3.73,220.85,7.06
2,23-03-2012,1790439.16,0.00,64.01,3.79,220.92,7.06
2,30-03-2012,1857480.84,0.00,66.83,3.85,221.00,7.06
2,6/4/2012,2129035.91,0.00,68.43,3.89,221.07,6.89
2,13-04-2012,1935869.1,0.00,68.08,3.89,221.15,6.89
2,20-04-2012,1847344.45,0.00,65.69,3.88,221.20,6.89
2,27-04-2012,1764133.09,0.00,67.20,3.81,221.26,6.89
2,4/5/2012,1923957.09,0.00,76.73,3.75,221.31,6.89
2,11/5/2012,1917520.99,0.00,73.87,3.69,221.36,6.89
2,18-05-2012,2000940.67,0.00,71.27,3.63,221.38,6.89
2,25-05-2012,1912791.09,0.00,78.19,3.56,221.38,6.89
2,1/6/2012,1910092.37,0.00,78.38,3.50,221.39,6.89
2,8/6/2012,2010216.49,0.00,78.69,3.45,221.39,6.89
2,15-06-2012,1962924.3,0.00,80.56,3.39,221.40,6.89
2,22-06-2012,1887733.21,0.00,81.04,3.35,221.44,6.89
2,29-06-2012,1881046.12,0.00,86.32,3.29,221.48,6.89
2,6/7/2012,2041507.4,0.00,84.20,3.23,221.52,6.57
2,13-07-2012,1830075.13,0.00,80.17,3.26,221.56,6.57
2,20-07-2012,1819666.46,0.00,83.23,3.31,221.57,6.57
2,27-07-2012,1757923.88,0.00,86.37,3.41,221.58,6.57
2,3/8/2012,1946104.64,0.00,90.22,3.42,221.59,6.57
2,10/8/2012,1866719.96,0.00,88.55,3.49,221.60,6.57
2,17-08-2012,1928016.01,0.00,84.79,3.57,221.68,6.57
2,24-08-2012,1876788.15,0.00,76.91,3.62,221.81,6.57
2,31-08-2012,1947083.3,0.00,82.64,3.64,221.94,6.57
2,7/9/2012,1898777.07,1.00,87.65,3.73,222.07,6.57
2,14-09-2012,1814806.63,0.00,75.88,3.72,222.22,6.57
2,21-09-2012,1829415.67,0.00,71.09,3.72,222.42,6.57
2,28-09-2012,1746470.56,0.00,79.45,3.67,222.62,6.57
2,5/10/2012,1998321.04,0.00,70.27,3.62,222.82,6.17
2,12/10/2012,1900745.13,0.00,60.97,3.60,223.02,6.17
2,19-10-2012,1847990.41,0.00,68.08,3.59,223.06,6.17
2,26-10-2012,1834458.35,0.00,69.79,3.51,223.08,6.17
3,5/2/2010,461622.22,0.00,45.71,2.57,214.42,7.37
3,12/2/2010,420728.96,1.00,47.93,2.55,214.57,7.37
3,19-02-2010,421642.19,0.00,47.07,2.51,214.62,7.37
3,26-02-2010,407204.86,0.00,52.05,2.56,214.65,7.37
3,5/3/2010,415202.04,0.00,53.04,2.63,214.68,7.37
3,12/3/2010,384200.69,0.00,63.08,2.67,214.70,7.37
3,19-03-2010,375328.59,0.00,60.42,2.72,214.53,7.37
3,26-03-2010,359949.27,0.00,57.06,2.73,214.32,7.37
3,2/4/2010,423294.4,0.00,65.56,2.72,214.12,7.34
3,9/4/2010,415870.28,0.00,68.00,2.77,213.91,7.34
3,16-04-2010,354993.26,0.00,66.98,2.81,213.77,7.34
3,23-04-2010,339976.65,0.00,67.87,2.80,213.72,7.34
3,30-04-2010,361248.39,0.00,70.24,2.78,213.67,7.34
3,7/5/2010,399323.86,0.00,73.47,2.84,213.62,7.34
3,14-05-2010,384357.94,0.00,77.18,2.85,213.62,7.34
3,21-05-2010,343763.17,0.00,75.81,2.83,213.91,7.34
3,28-05-2010,350089.23,0.00,78.60,2.76,214.20,7.34
3,4/6/2010,396968.8,0.00,78.53,2.71,214.50,7.34
3,11/6/2010,355017.09,0.00,82.10,2.67,214.79,7.34
3,18-06-2010,364076.85,0.00,83.52,2.64,214.79,7.34
3,25-06-2010,357346.48,0.00,83.79,2.65,214.67,7.34
3,2/7/2010,381151.72,0.00,82.20,2.67,214.55,7.35
3,9/7/2010,349214.18,0.00,81.75,2.64,214.43,7.35
3,16-07-2010,352728.78,0.00,84.32,2.62,214.42,7.35
3,23-07-2010,352864.49,0.00,83.32,2.61,214.56,7.35
3,30-07-2010,347955.05,0.00,82.04,2.64,214.70,7.35
3,6/8/2010,402635.76,0.00,85.13,2.63,214.83,7.35
3,13-08-2010,339597.38,0.00,86.74,2.69,214.97,7.35
3,20-08-2010,351728.21,0.00,88.02,2.66,214.93,7.35
3,27-08-2010,362134.09,0.00,86.15,2.62,214.89,7.35
3,3/9/2010,366473.97,0.00,84.16,2.58,214.85,7.35
3,10/9/2010,352260.97,1.00,80.84,2.57,214.81,7.35
3,17-09-2010,363064.64,0.00,82.36,2.58,214.83,7.35
3,24-09-2010,355626.87,0.00,76.90,2.62,214.91,7.35
3,1/10/2010,358784.1,0.00,73.60,2.60,214.98,7.56
3,8/10/2010,395107.35,0.00,66.99,2.63,215.06,7.56
3,15-10-2010,345584.39,0.00,69.71,2.72,215.13,7.56
3,22-10-2010,348895.98,0.00,71.64,2.73,215.18,7.56
3,29-10-2010,348591.74,0.00,72.04,2.72,215.23,7.56
3,5/11/2010,423175.56,0.00,62.94,2.69,215.28,7.56
3,12/11/2010,386635.03,0.00,62.79,2.73,215.33,7.56
3,19-11-2010,372545.32,0.00,57.72,2.77,215.21,7.56
3,26-11-2010,565567.84,1.00,68.71,2.74,215.06,7.56
3,3/12/2010,476420.77,0.00,53.76,2.71,214.92,7.56
3,10/12/2010,467642.03,0.00,51.13,2.84,214.77,7.56
3,17-12-2010,498159.39,0.00,52.20,2.87,214.70,7.56
3,24-12-2010,605990.41,0.00,57.16,2.89,214.70,7.56
3,31-12-2010,382677.76,1.00,53.20,2.94,214.70,7.56
3,7/1/2011,378241.34,0.00,53.35,2.98,214.70,7.55
3,14-01-2011,381061.1,0.00,44.76,2.98,214.75,7.55
3,21-01-2011,350876.7,0.00,50.74,3.02,215.13,7.55
3,28-01-2011,364866.24,0.00,48.71,3.01,215.51,7.55
3,4/2/2011,438516.53,0.00,45.95,2.99,215.89,7.55
3,11/2/2011,430526.21,1.00,43.57,3.02,216.27,7.55
3,18-02-2011,432782.1,0.00,61.58,3.05,216.58,7.55
3,25-02-2011,397211.19,0.00,67.40,3.07,216.88,7.55
3,4/3/2011,437084.51,0.00,65.11,3.29,217.17,7.55
3,11/3/2011,404753.3,0.00,61.29,3.46,217.47,7.55
3,18-03-2011,392109.51,0.00,69.47,3.49,217.72,7.55
3,25-03-2011,380683.67,0.00,72.94,3.47,217.97,7.55
3,1/4/2011,374556.08,0.00,68.76,3.52,218.21,7.57
3,8/4/2011,384075.31,0.00,72.55,3.62,218.46,7.57
3,15-04-2011,366250.69,0.00,75.88,3.74,218.68,7.57
3,22-04-2011,391860.04,0.00,76.91,3.81,218.85,7.57
3,29-04-2011,367405.4,0.00,78.69,3.81,219.02,7.57
3,6/5/2011,413042.12,0.00,69.45,3.91,219.20,7.57
3,13-05-2011,386312.68,0.00,79.87,3.90,219.37,7.57
3,20-05-2011,364603.13,0.00,75.79,3.91,219.13,7.57
3,27-05-2011,369350.6,0.00,84.41,3.79,218.89,7.57
3,3/6/2011,394507.84,0.00,84.29,3.70,218.64,7.57
3,10/6/2011,391638.75,0.00,84.84,3.65,218.40,7.57
3,17-06-2011,403423.34,0.00,86.96,3.64,218.36,7.57
3,24-06-2011,385520.71,0.00,84.94,3.59,218.45,7.57
3,1/7/2011,368962.72,0.00,85.10,3.52,218.55,7.57
3,8/7/2011,395146.24,0.00,85.38,3.48,218.64,7.57
3,15-07-2011,373454.33,0.00,87.14,3.58,218.73,7.57
3,22-07-2011,360617.37,0.00,86.19,3.65,218.79,7.57
3,29-07-2011,345381.29,0.00,88.07,3.68,218.84,7.57
3,5/8/2011,409981.25,0.00,88.45,3.68,218.90,7.57
3,12/8/2011,380376.85,0.00,88.88,3.64,218.96,7.57
3,19-08-2011,379716.91,0.00,88.44,3.55,219.02,7.57
3,26-08-2011,366367.55,0.00,87.67,3.52,219.09,7.57
3,2/9/2011,375988.69,0.00,89.12,3.53,219.15,7.57
3,9/9/2011,377347.49,1.00,81.72,3.55,219.21,7.57
3,16-09-2011,375629.51,0.00,83.63,3.53,219.40,7.57
3,23-09-2011,365248.94,0.00,80.19,3.47,219.74,7.57
3,30-09-2011,368477.93,0.00,82.58,3.36,220.09,7.57
3,7/10/2011,403342.4,0.00,75.54,3.29,220.43,7.20
3,14-10-2011,368282.57,0.00,73.75,3.27,220.75,7.20
3,21-10-2011,394976.36,0.00,69.03,3.35,220.91,7.20
3,28-10-2011,389540.62,0.00,71.04,3.37,221.08,7.20
3,4/11/2011,459443.22,0.00,59.31,3.33,221.25,7.20
3,11/11/2011,407764.25,0.00,61.70,3.30,221.41,7.20
3,18-11-2011,398838.97,0.00,63.91,3.31,221.64,7.20
3,25-11-2011,556925.19,1.00,68.00,3.24,221.90,7.20
3,2/12/2011,472511.32,0.00,54.97,3.17,222.16,7.20
3,9/12/2011,468772.8,0.00,49.26,3.16,222.42,7.20
3,16-12-2011,510747.62,0.00,57.95,3.16,222.64,7.20
3,23-12-2011,551221.21,0.00,53.41,3.11,222.83,7.20
3,30-12-2011,410553.88,1.00,48.29,3.13,223.01,7.20
3,6/1/2012,398178.21,0.00,52.42,3.16,223.19,6.83
3,13-01-2012,367438.62,0.00,51.86,3.26,223.38,6.83
3,20-01-2012,365818.61,0.00,56.20,3.27,223.47,6.83
3,27-01-2012,349518.1,0.00,58.06,3.29,223.56,6.83
3,3/2/2012,424960.66,0.00,59.33,3.36,223.66,6.83
3,10/2/2012,473292.47,1.00,51.65,3.41,223.75,6.83
3,17-02-2012,475591.08,0.00,52.39,3.51,223.92,6.83
3,24-02-2012,418925.47,0.00,60.12,3.56,224.13,6.83
3,2/3/2012,469752.56,0.00,61.65,3.63,224.35,6.83
3,9/3/2012,445162.05,0.00,60.71,3.67,224.56,6.83
3,16-03-2012,411775.8,0.00,64.00,3.73,224.72,6.83
3,23-03-2012,413907.25,0.00,66.53,3.79,224.79,6.83
3,30-03-2012,407488.84,0.00,69.36,3.85,224.87,6.83
3,6/4/2012,503232.13,0.00,73.01,3.89,224.94,6.66
3,13-04-2012,420789.74,0.00,72.83,3.89,225.01,6.66
3,20-04-2012,434822.13,0.00,72.05,3.88,225.07,6.66
3,27-04-2012,394616.11,0.00,73.39,3.81,225.12,6.66
3,4/5/2012,439913.57,0.00,79.51,3.75,225.18,6.66
3,11/5/2012,431985.36,0.00,75.19,3.69,225.24,6.66
3,18-05-2012,418112.76,0.00,72.38,3.63,225.25,6.66
3,25-05-2012,413701.29,0.00,78.58,3.56,225.25,6.66
3,1/6/2012,432268.53,0.00,81.55,3.50,225.25,6.66
3,8/6/2012,446336.8,0.00,81.65,3.45,225.25,6.66
3,15-06-2012,442074.79,0.00,84.66,3.39,225.26,6.66
3,22-06-2012,419497.95,0.00,82.70,3.35,225.31,6.66
3,29-06-2012,422965.33,0.00,86.42,3.29,225.35,6.66
3,6/7/2012,411206.5,0.00,83.14,3.23,225.39,6.33
3,13-07-2012,416913.1,0.00,82.28,3.26,225.43,6.33
3,20-07-2012,432424.85,0.00,81.38,3.31,225.44,6.33
3,27-07-2012,389427.9,0.00,84.94,3.41,225.45,6.33
3,3/8/2012,419990.29,0.00,86.55,3.42,225.46,6.33
3,10/8/2012,391811.6,0.00,85.85,3.49,225.47,6.33
3,17-08-2012,394918.83,0.00,87.36,3.57,225.56,6.33
3,24-08-2012,412449.67,0.00,83.01,3.62,225.69,6.33
3,31-08-2012,408838.73,0.00,85.18,3.64,225.83,6.33
3,7/9/2012,408229.73,1.00,84.99,3.73,225.97,6.33
3,14-09-2012,407589.16,0.00,78.36,3.72,226.11,6.33
3,21-09-2012,414392.09,0.00,72.78,3.72,226.32,6.33
3,28-09-2012,389813.02,0.00,77.46,3.67,226.52,6.33
3,5/10/2012,443557.65,0.00,72.74,3.62,226.72,6.03
3,12/10/2012,410804.39,0.00,70.31,3.60,226.92,6.03
3,19-10-2012,424513.08,0.00,73.44,3.59,226.97,6.03
3,26-10-2012,405432.7,0.00,74.66,3.51,226.99,6.03
4,5/2/2010,2135143.87,0.00,43.76,2.60,126.44,8.62
4,12/2/2010,2188307.39,1.00,28.84,2.57,126.50,8.62
4,19-02-2010,2049860.26,0.00,36.45,2.54,126.53,8.62
4,26-02-2010,1925728.84,0.00,41.36,2.59,126.55,8.62
4,5/3/2010,1971057.44,0.00,43.49,2.65,126.58,8.62
4,12/3/2010,1894324.09,0.00,49.63,2.70,126.60,8.62
4,19-03-2010,1897429.36,0.00,55.19,2.74,126.61,8.62
4,26-03-2010,1762539.3,0.00,39.91,2.75,126.61,8.62
4,2/4/2010,1979247.12,0.00,48.77,2.74,126.60,7.90
4,9/4/2010,1818452.72,0.00,54.16,2.77,126.60,7.90
4,16-04-2010,1851519.69,0.00,56.23,2.81,126.56,7.90
4,23-04-2010,1802677.9,0.00,56.87,2.81,126.47,7.90
4,30-04-2010,1817273.28,0.00,53.04,2.79,126.38,7.90
4,7/5/2010,2000626.14,0.00,56.77,2.84,126.29,7.90
4,14-05-2010,1875597.28,0.00,62.35,2.85,126.21,7.90
4,21-05-2010,1903752.6,0.00,67.40,2.82,126.18,7.90
4,28-05-2010,1857533.7,0.00,67.73,2.76,126.16,7.90
4,4/6/2010,1903290.58,0.00,70.83,2.70,126.14,7.90
4,11/6/2010,1870619.23,0.00,78.45,2.67,126.11,7.90
4,18-06-2010,1929736.35,0.00,81.53,2.64,126.11,7.90
4,25-06-2010,1846651.95,0.00,81.10,2.65,126.13,7.90
4,2/7/2010,1881337.21,0.00,73.66,2.67,126.14,7.37
4,9/7/2010,1812208.22,0.00,80.35,2.64,126.15,7.37
4,16-07-2010,1898427.66,0.00,78.53,2.62,126.15,7.37
4,23-07-2010,1848426.78,0.00,79.78,2.61,126.13,7.37
4,30-07-2010,1796637.61,0.00,80.70,2.65,126.11,7.37
4,6/8/2010,1907638.58,0.00,76.53,2.64,126.09,7.37
4,13-08-2010,2007050.75,0.00,78.08,2.70,126.06,7.37
4,20-08-2010,1997181.09,0.00,78.83,2.67,126.08,7.37
4,27-08-2010,1848403.92,0.00,74.44,2.62,126.09,7.37
4,3/9/2010,1935857.58,0.00,76.80,2.58,126.10,7.37
4,10/9/2010,1865820.81,1.00,73.54,2.57,126.11,7.37
4,17-09-2010,1899959.61,0.00,64.91,2.59,126.15,7.37
4,24-09-2010,1810684.68,0.00,60.96,2.64,126.19,7.37
4,1/10/2010,1842821.02,0.00,63.96,2.62,126.23,7.13
4,8/10/2010,1951494.85,0.00,67.73,2.65,126.28,7.13
4,15-10-2010,1867345.09,0.00,62.03,2.73,126.33,7.13
4,22-10-2010,1927610.06,0.00,64.17,2.74,126.38,7.13
4,29-10-2010,1933333,0.00,56.94,2.72,126.44,7.13
4,5/11/2010,2013115.79,0.00,51.60,2.70,126.49,7.13
4,12/11/2010,1999794.26,0.00,52.65,2.74,126.55,7.13
4,19-11-2010,2097809.4,0.00,48.05,2.78,126.61,7.13
4,26-11-2010,2789469.45,1.00,48.08,2.75,126.67,7.13
4,3/12/2010,2102530.17,0.00,46.40,2.73,126.73,7.13
4,10/12/2010,2302504.86,0.00,42.40,2.86,126.79,7.13
4,17-12-2010,2740057.14,0.00,46.57,2.88,126.88,7.13
4,24-12-2010,3526713.39,0.00,43.21,2.89,126.98,7.13
4,31-12-2010,1794868.74,1.00,38.09,2.96,127.09,7.13
4,7/1/2011,1862476.27,0.00,39.34,2.98,127.19,6.51
4,14-01-2011,1865502.46,0.00,31.60,2.99,127.30,6.51
4,21-01-2011,1886393.94,0.00,38.34,3.02,127.44,6.51
4,28-01-2011,1814240.85,0.00,40.60,3.02,127.58,6.51
4,4/2/2011,2119086.04,0.00,34.61,3.00,127.72,6.51
4,11/2/2011,2187847.29,1.00,33.29,3.03,127.86,6.51
4,18-02-2011,2316495.56,0.00,48.17,3.06,128.00,6.51
4,25-02-2011,2078094.69,0.00,49.00,3.09,128.13,6.51
4,4/3/2011,2103455.75,0.00,46.56,3.31,128.26,6.51
4,11/3/2011,2039818.41,0.00,50.93,3.46,128.40,6.51
4,18-03-2011,2116475.38,0.00,51.86,3.50,128.51,6.51
4,25-03-2011,1944164.32,0.00,59.10,3.48,128.62,6.51
4,1/4/2011,1900246.47,0.00,56.99,3.52,128.72,5.95
4,8/4/2011,2074953.46,0.00,62.61,3.61,128.82,5.95
4,15-04-2011,1960587.76,0.00,62.34,3.72,128.91,5.95
4,22-04-2011,2220600.76,0.00,68.80,3.78,128.96,5.95
4,29-04-2011,1878167.44,0.00,64.22,3.78,129.00,5.95
4,6/5/2011,2063682.76,0.00,63.41,3.87,129.04,5.95
4,13-05-2011,2002362.37,0.00,70.65,3.87,129.09,5.95
4,20-05-2011,2015563.48,0.00,70.49,3.88,129.08,5.95
4,27-05-2011,1986597.95,0.00,73.65,3.77,129.06,5.95
4,3/6/2011,2065377.15,0.00,78.26,3.68,129.05,5.95
4,10/6/2011,2073951.38,0.00,80.05,3.64,129.04,5.95
4,17-06-2011,2141210.62,0.00,83.51,3.62,129.04,5.95
4,24-06-2011,2008344.92,0.00,81.85,3.57,129.07,5.95
4,1/7/2011,2051533.53,0.00,84.54,3.50,129.09,5.64
4,8/7/2011,2066541.86,0.00,84.59,3.47,129.11,5.64
4,15-07-2011,2049046.95,0.00,83.27,3.56,129.13,5.64
4,22-07-2011,2036231.39,0.00,82.84,3.63,129.15,5.64
4,29-07-2011,1989674.07,0.00,84.36,3.66,129.17,5.64
4,5/8/2011,2160057.39,0.00,86.09,3.66,129.18,5.64
4,12/8/2011,2105668.74,0.00,82.98,3.62,129.20,5.64
4,19-08-2011,2232892.1,0.00,82.77,3.55,129.24,5.64
4,26-08-2011,1988490.21,0.00,81.47,3.52,129.28,5.64
4,2/9/2011,2078420.31,0.00,77.99,3.53,129.33,5.64
4,9/9/2011,2093139.01,1.00,73.34,3.55,129.37,5.64
4,16-09-2011,2075577.33,0.00,72.76,3.53,129.43,5.64
4,23-09-2011,2031406.41,0.00,69.23,3.47,129.52,5.64
4,30-09-2011,1929486.63,0.00,72.15,3.37,129.61,5.64
4,7/10/2011,2166737.65,0.00,65.79,3.30,129.69,5.14
4,14-10-2011,2074548.85,0.00,63.75,3.28,129.77,5.14
4,21-10-2011,2207742.13,0.00,64.79,3.36,129.78,5.14
4,28-10-2011,2151659.59,0.00,55.31,3.36,129.79,5.14
4,4/11/2011,2281217.31,0.00,49.86,3.32,129.81,5.14
4,11/11/2011,2203028.96,0.00,47.12,3.29,129.82,5.14
4,18-11-2011,2243946.59,0.00,50.44,3.29,129.83,5.14
4,25-11-2011,3004702.33,1.00,47.96,3.23,129.84,5.14
4,2/12/2011,2180999.26,0.00,38.71,3.18,129.85,5.14
4,9/12/2011,2508955.24,0.00,31.64,3.15,129.86,5.14
4,16-12-2011,2771397.17,0.00,36.44,3.15,129.90,5.14
4,23-12-2011,3676388.98,0.00,35.92,3.10,129.98,5.14
4,30-12-2011,2007105.86,1.00,36.89,3.12,130.07,5.14
4,6/1/2012,2047766.07,0.00,38.64,3.16,130.16,4.61
4,13-01-2012,1941676.61,0.00,34.41,3.26,130.24,4.61
4,20-01-2012,2005097.76,0.00,42.09,3.27,130.28,4.61
4,27-01-2012,1928720.51,0.00,40.31,3.29,130.31,4.61
4,3/2/2012,2173373.91,0.00,41.81,3.35,130.35,4.61
4,10/2/2012,2374660.64,1.00,33.00,3.41,130.38,4.61
4,17-02-2012,2427640.17,0.00,34.19,3.49,130.45,4.61
4,24-02-2012,2226662.17,0.00,41.31,3.54,130.55,4.61
4,2/3/2012,2206319.9,0.00,50.38,3.62,130.65,4.61
4,9/3/2012,2202450.81,0.00,53.63,3.67,130.74,4.61
4,16-03-2012,2214967.44,0.00,59.81,3.71,130.83,4.61
4,23-03-2012,2091592.54,0.00,59.07,3.76,130.90,4.61
4,30-03-2012,2089381.77,0.00,72.63,3.82,130.97,4.61
4,6/4/2012,2470206.13,0.00,67.69,3.86,131.04,4.31
4,13-04-2012,2105301.39,0.00,68.69,3.88,131.11,4.31
4,20-04-2012,2144336.89,0.00,68.60,3.86,131.12,4.31
4,27-04-2012,2064065.66,0.00,76.47,3.81,131.13,4.31
4,4/5/2012,2196968.33,0.00,80.14,3.75,131.14,4.31
4,11/5/2012,2127661.17,0.00,67.64,3.69,131.15,4.31
4,18-05-2012,2207214.81,0.00,68.43,3.62,131.10,4.31
4,25-05-2012,2154137.67,0.00,77.47,3.55,131.03,4.31
4,1/6/2012,2179360.94,0.00,77.41,3.48,130.96,4.31
4,8/6/2012,2245257.18,0.00,78.11,3.43,130.89,4.31
4,15-06-2012,2234190.93,0.00,80.94,3.37,130.83,4.31
4,22-06-2012,2197299.65,0.00,81.63,3.33,130.79,4.31
4,29-06-2012,2128362.92,0.00,84.23,3.26,130.76,4.31
4,6/7/2012,2224499.28,0.00,80.37,3.19,130.72,4.08
4,13-07-2012,2100252.61,0.00,76.86,3.22,130.68,4.08
4,20-07-2012,2175563.69,0.00,79.14,3.26,130.70,4.08
4,27-07-2012,2048613.65,0.00,81.06,3.36,130.72,4.08
4,3/8/2012,2174514.13,0.00,83.86,3.37,130.74,4.08
4,10/8/2012,2193367.69,0.00,83.21,3.48,130.76,4.08
4,17-08-2012,2283540.3,0.00,81.41,3.55,130.79,4.08
4,24-08-2012,2125241.68,0.00,75.76,3.61,130.84,4.08
4,31-08-2012,2081181.35,0.00,76.47,3.65,130.89,4.08
4,7/9/2012,2125104.72,1.00,82.09,3.71,130.93,4.08
4,14-09-2012,2117854.6,0.00,68.20,3.71,130.98,4.08
4,21-09-2012,2119438.53,0.00,68.97,3.72,131.01,4.08
4,28-09-2012,2027620.23,0.00,71.74,3.67,131.04,4.08
4,5/10/2012,2209835.43,0.00,63.07,3.62,131.08,3.88
4,12/10/2012,2133026.07,0.00,57.11,3.60,131.11,3.88
4,19-10-2012,2097266.85,0.00,64.46,3.61,131.15,3.88
4,26-10-2012,2149594.46,0.00,63.64,3.51,131.19,3.88
5,5/2/2010,317173.1,0.00,39.70,2.57,211.65,6.57
5,12/2/2010,311825.7,1.00,39.81,2.55,211.80,6.57
5,19-02-2010,303447.57,0.00,41.14,2.51,211.85,6.57
5,26-02-2010,270281.63,0.00,46.70,2.56,211.88,6.57
5,5/3/2010,288855.71,0.00,48.89,2.63,211.91,6.57
5,12/3/2010,297293.59,0.00,58.50,2.67,211.94,6.57
5,19-03-2010,281706.41,0.00,55.46,2.72,211.77,6.57
5,26-03-2010,273282.97,0.00,52.47,2.73,211.57,6.57
5,2/4/2010,331406,0.00,63.18,2.72,211.37,6.47
5,9/4/2010,328020.49,0.00,65.19,2.77,211.17,6.47
5,16-04-2010,306858.69,0.00,65.30,2.81,211.04,6.47
5,23-04-2010,288839.73,0.00,65.13,2.80,210.99,6.47
5,30-04-2010,298697.84,0.00,67.53,2.78,210.94,6.47
5,7/5/2010,333522.6,0.00,71.53,2.84,210.89,6.47
5,14-05-2010,296673.77,0.00,74.79,2.85,210.89,6.47
5,21-05-2010,301615.49,0.00,75.20,2.83,211.17,6.47
5,28-05-2010,310013.11,0.00,79.81,2.76,211.45,6.47
5,4/6/2010,337825.89,0.00,79.54,2.71,211.73,6.47
5,11/6/2010,296641.91,0.00,80.70,2.67,212.01,6.47
5,18-06-2010,313795.6,0.00,83.91,2.64,212.01,6.47
5,25-06-2010,295257.3,0.00,83.72,2.65,211.90,6.47
5,2/7/2010,305993.27,0.00,81.25,2.67,211.78,6.50
5,9/7/2010,291808.87,0.00,81.14,2.64,211.66,6.50
5,16-07-2010,280701.7,0.00,83.98,2.62,211.66,6.50
5,23-07-2010,274742.63,0.00,83.66,2.61,211.79,6.50
5,30-07-2010,268929.03,0.00,82.46,2.64,211.93,6.50
5,6/8/2010,303043.02,0.00,86.10,2.63,212.06,6.50
5,13-08-2010,286477.35,0.00,87.41,2.69,212.20,6.50
5,20-08-2010,287205.38,0.00,87.71,2.66,212.16,6.50
5,27-08-2010,288519.75,0.00,87.05,2.62,212.12,6.50
5,3/9/2010,323798,0.00,84.06,2.58,212.09,6.50
5,10/9/2010,306533.08,1.00,79.86,2.57,212.05,6.50
5,17-09-2010,282558.65,0.00,82.28,2.58,212.08,6.50
5,24-09-2010,293131.58,0.00,78.53,2.62,212.15,6.50
5,1/10/2010,283178.12,0.00,71.10,2.60,212.23,6.77
5,8/10/2010,290494.85,0.00,64.99,2.63,212.30,6.77
5,15-10-2010,280681.2,0.00,68.11,2.72,212.37,6.77
5,22-10-2010,284988.27,0.00,70.96,2.73,212.42,6.77
5,29-10-2010,278031.81,0.00,70.58,2.72,212.46,6.77
5,5/11/2010,325310.3,0.00,58.88,2.69,212.51,6.77
5,12/11/2010,301827.36,0.00,62.37,2.73,212.56,6.77
5,19-11-2010,297384.81,0.00,52.52,2.77,212.45,6.77
5,26-11-2010,488362.61,1.00,66.15,2.74,212.30,6.77
5,3/12/2010,344490.88,0.00,51.31,2.71,212.16,6.77
5,10/12/2010,352811.53,0.00,48.27,2.84,212.02,6.77
5,17-12-2010,367801.19,0.00,51.61,2.87,211.96,6.77
5,24-12-2010,466010.25,0.00,55.01,2.89,211.96,6.77
5,31-12-2010,298180.18,1.00,49.79,2.94,211.96,6.77
5,7/1/2011,286347.26,0.00,48.30,2.98,211.96,6.63
5,14-01-2011,260636.71,0.00,37.74,2.98,212.01,6.63
5,21-01-2011,275313.34,0.00,45.41,3.02,212.38,6.63
5,28-01-2011,279088.39,0.00,44.50,3.01,212.75,6.63
5,4/2/2011,329613.2,0.00,41.67,2.99,213.12,6.63
5,11/2/2011,311590.54,1.00,38.25,3.02,213.49,6.63
5,18-02-2011,356622.61,0.00,58.83,3.05,213.81,6.63
5,25-02-2011,294659.5,0.00,63.35,3.07,214.10,6.63
5,4/3/2011,329033.66,0.00,60.35,3.29,214.38,6.63
5,11/3/2011,293098.1,0.00,55.74,3.46,214.67,6.63
5,18-03-2011,312177.67,0.00,64.31,3.49,214.93,6.63
5,25-03-2011,294732.5,0.00,70.71,3.47,215.16,6.63
5,1/4/2011,314316.55,0.00,61.50,3.52,215.40,6.49
5,8/4/2011,307333.62,0.00,69.64,3.62,215.64,6.49
5,15-04-2011,307913.58,0.00,72.02,3.74,215.86,6.49
5,22-04-2011,328415.44,0.00,74.34,3.81,216.03,6.49
5,29-04-2011,307291.56,0.00,74.75,3.81,216.20,6.49
5,6/5/2011,322904.68,0.00,66.27,3.91,216.37,6.49
5,13-05-2011,290930.01,0.00,77.38,3.90,216.53,6.49
5,20-05-2011,299614.33,0.00,71.37,3.91,216.30,6.49
5,27-05-2011,297149.69,0.00,80.14,3.79,216.07,6.49
5,3/6/2011,329183.92,0.00,83.81,3.70,215.84,6.49
5,10/6/2011,304984.14,0.00,83.61,3.65,215.61,6.49
5,17-06-2011,304811.82,0.00,86.84,3.64,215.56,6.49
5,24-06-2011,302881.64,0.00,84.76,3.59,215.65,6.49
5,1/7/2011,327093.89,0.00,85.81,3.52,215.75,6.53
5,8/7/2011,310804.93,0.00,86.64,3.48,215.84,6.53
5,15-07-2011,283248.62,0.00,88.64,3.58,215.93,6.53
5,22-07-2011,292539.73,0.00,86.97,3.65,215.99,6.53
5,29-07-2011,275142.17,0.00,89.42,3.68,216.05,6.53
5,5/8/2011,317738.56,0.00,91.07,3.68,216.11,6.53
5,12/8/2011,289886.16,0.00,90.16,3.64,216.17,6.53
5,19-08-2011,303643.84,0.00,89.35,3.55,216.23,6.53
5,26-08-2011,310338.17,0.00,89.18,3.52,216.30,6.53
5,2/9/2011,315645.53,0.00,90.38,3.53,216.36,6.53
5,9/9/2011,321110.22,1.00,79.04,3.55,216.42,6.53
5,16-09-2011,278529.71,0.00,83.55,3.53,216.60,6.53
5,23-09-2011,291024.98,0.00,78.01,3.47,216.94,6.53
5,30-09-2011,292315.38,0.00,81.16,3.36,217.28,6.53
5,7/10/2011,309111.47,0.00,71.64,3.29,217.61,6.30
5,14-10-2011,286117.72,0.00,72.36,3.27,217.92,6.30
5,21-10-2011,306069.18,0.00,66.90,3.35,218.09,6.30
5,28-10-2011,307035.11,0.00,69.27,3.37,218.25,6.30
5,4/11/2011,353652.23,0.00,56.71,3.33,218.41,6.30
5,11/11/2011,311906.7,0.00,60.71,3.30,218.57,6.30
5,18-11-2011,307944.37,0.00,64.33,3.31,218.79,6.30
5,25-11-2011,507900.07,1.00,61.93,3.24,219.04,6.30
5,2/12/2011,376225.61,0.00,51.14,3.17,219.29,6.30
5,9/12/2011,367433.77,0.00,44.12,3.16,219.54,6.30
5,16-12-2011,379530.3,0.00,54.42,3.16,219.76,6.30
5,23-12-2011,458562.24,0.00,50.33,3.11,219.94,6.30
5,30-12-2011,349624.88,1.00,45.62,3.13,220.12,6.30
5,6/1/2012,312078.71,0.00,50.21,3.16,220.30,5.94
5,13-01-2012,291454.52,0.00,48.86,3.26,220.48,5.94
5,20-01-2012,287523.98,0.00,54.65,3.27,220.57,5.94
5,27-01-2012,295974.22,0.00,54.63,3.29,220.66,5.94
5,3/2/2012,333948,0.00,57.35,3.36,220.76,5.94
5,10/2/2012,349239.88,1.00,48.57,3.41,220.85,5.94
5,17-02-2012,356427.98,0.00,48.25,3.51,221.01,5.94
5,24-02-2012,312220.47,0.00,57.75,3.56,221.22,5.94
5,2/3/2012,359206.21,0.00,60.66,3.63,221.43,5.94
5,9/3/2012,347295.6,0.00,57.69,3.67,221.65,5.94
5,16-03-2012,339392.54,0.00,63.55,3.73,221.80,5.94
5,23-03-2012,321299.99,0.00,64.44,3.79,221.87,5.94
5,30-03-2012,331318.73,0.00,67.76,3.85,221.95,5.94
5,6/4/2012,402985.7,0.00,70.40,3.89,222.02,5.80
5,13-04-2012,351832.03,0.00,70.56,3.89,222.10,5.80
5,20-04-2012,330063.06,0.00,67.33,3.88,222.15,5.80
5,27-04-2012,324839.74,0.00,68.96,3.81,222.21,5.80
5,4/5/2012,360932.69,0.00,77.10,3.75,222.26,5.80
5,11/5/2012,333870.52,0.00,73.45,3.69,222.31,5.80
5,18-05-2012,336189.66,0.00,70.45,3.63,222.33,5.80
5,25-05-2012,341994.48,0.00,78.23,3.56,222.33,5.80
5,1/6/2012,359867.8,0.00,79.72,3.50,222.33,5.80
5,8/6/2012,341704.59,0.00,81.02,3.45,222.34,5.80
5,15-06-2012,327383.64,0.00,81.64,3.39,222.35,5.80
5,22-06-2012,325041.68,0.00,80.57,3.35,222.39,5.80
5,29-06-2012,329658.1,0.00,87.08,3.29,222.43,5.80
5,6/7/2012,341214.43,0.00,82.35,3.23,222.47,5.60
5,13-07-2012,316203.64,0.00,80.78,3.26,222.51,5.60
5,20-07-2012,321205.12,0.00,81.05,3.31,222.52,5.60
5,27-07-2012,306827.36,0.00,85.06,3.41,222.53,5.60
5,3/8/2012,324195.17,0.00,86.91,3.42,222.54,5.60
5,10/8/2012,306759.7,0.00,86.96,3.49,222.55,5.60
5,17-08-2012,314014.18,0.00,87.52,3.57,222.63,5.60
5,24-08-2012,320831.36,0.00,79.45,3.62,222.76,5.60
5,31-08-2012,344642.01,0.00,84.25,3.64,222.90,5.60
5,7/9/2012,350648.91,1.00,86.30,3.73,223.03,5.60
5,14-09-2012,299800.67,0.00,76.65,3.72,223.17,5.60
5,21-09-2012,307306.76,0.00,71.09,3.72,223.37,5.60
5,28-09-2012,310141.68,0.00,78.33,3.67,223.57,5.60
5,5/10/2012,343048.29,0.00,71.17,3.62,223.77,5.42
5,12/10/2012,325345.41,0.00,66.24,3.60,223.97,5.42
5,19-10-2012,313358.15,0.00,69.17,3.59,224.02,5.42
5,26-10-2012,319550.77,0.00,71.70,3.51,224.04,5.42
6,5/2/2010,1652635.1,0.00,40.43,2.57,212.62,7.26
6,12/2/2010,1606283.86,1.00,40.57,2.55,212.77,7.26
6,19-02-2010,1567138.07,0.00,43.58,2.51,212.82,7.26
6,26-02-2010,1432953.21,0.00,47.10,2.56,212.85,7.26
6,5/3/2010,1601348.82,0.00,49.63,2.63,212.87,7.26
6,12/3/2010,1558621.36,0.00,58.82,2.67,212.90,7.26
6,19-03-2010,1693058.91,0.00,56.55,2.72,212.74,7.26
6,26-03-2010,1472033.38,0.00,53.74,2.73,212.53,7.26
6,2/4/2010,1770333.9,0.00,64.94,2.72,212.33,7.09
6,9/4/2010,1667181.82,0.00,66.15,2.77,212.13,7.09
6,16-04-2010,1519846.36,0.00,65.68,2.81,211.99,7.09
6,23-04-2010,1540435.99,0.00,64.11,2.80,211.94,7.09
6,30-04-2010,1498080.16,0.00,68.91,2.78,211.89,7.09
6,7/5/2010,1619920.04,0.00,73.68,2.84,211.84,7.09
6,14-05-2010,1524059.4,0.00,74.95,2.85,211.84,7.09
6,21-05-2010,1531938.44,0.00,74.80,2.83,212.13,7.09
6,28-05-2010,1644470.66,0.00,78.89,2.76,212.41,7.09
6,4/6/2010,1857380.09,0.00,79.44,2.71,212.70,7.09
6,11/6/2010,1685652.35,0.00,81.81,2.67,212.98,7.09
6,18-06-2010,1677248.24,0.00,83.89,2.64,212.98,7.09
6,25-06-2010,1640681.88,0.00,84.20,2.65,212.86,7.09
6,2/7/2010,1759777.25,0.00,80.34,2.67,212.75,6.97
6,9/7/2010,1690317.99,0.00,80.93,2.64,212.63,6.97
6,16-07-2010,1560120.8,0.00,83.75,2.62,212.62,6.97
6,23-07-2010,1585240.92,0.00,83.90,2.61,212.76,6.97
6,30-07-2010,1532308.78,0.00,81.37,2.64,212.89,6.97
6,6/8/2010,1633241.59,0.00,86.61,2.63,213.03,6.97
6,13-08-2010,1547654.98,0.00,86.83,2.69,213.17,6.97
6,20-08-2010,1539930.5,0.00,87.36,2.66,213.13,6.97
6,27-08-2010,1450766.12,0.00,85.71,2.62,213.09,6.97
6,3/9/2010,1510925.32,0.00,82.15,2.58,213.05,6.97
6,10/9/2010,1424225.44,1.00,78.78,2.57,213.01,6.97
6,17-09-2010,1308537.75,0.00,81.78,2.58,213.04,6.97
6,24-09-2010,1275591.84,0.00,76.49,2.62,213.12,6.97
6,1/10/2010,1328468.89,0.00,70.69,2.60,213.19,7.01
6,8/10/2010,1360317.9,0.00,65.21,2.63,213.27,7.01
6,15-10-2010,1344580.92,0.00,68.93,2.72,213.33,7.01
6,22-10-2010,1332716.53,0.00,70.97,2.73,213.38,7.01
6,29-10-2010,1385323.7,0.00,70.39,2.72,213.43,7.01
6,5/11/2010,1505442.15,0.00,59.90,2.69,213.48,7.01
6,12/11/2010,1495536.46,0.00,62.11,2.73,213.53,7.01
6,19-11-2010,1518841.45,0.00,52.99,2.77,213.41,7.01
6,26-11-2010,2267452.4,1.00,65.79,2.74,213.27,7.01
6,3/12/2010,1677067.24,0.00,52.30,2.71,213.12,7.01
6,10/12/2010,1834737.58,0.00,48.46,2.84,212.98,7.01
6,17-12-2010,2090268.95,0.00,52.24,2.87,212.92,7.01
6,24-12-2010,2727575.18,0.00,55.07,2.89,212.92,7.01
6,31-12-2010,1464050.02,1.00,49.14,2.94,212.91,7.01
6,7/1/2011,1350441.68,0.00,47.78,2.98,212.91,6.86
6,14-01-2011,1306194.55,0.00,38.37,2.98,212.97,6.86
6,21-01-2011,1261253.18,0.00,46.20,3.02,213.34,6.86
6,28-01-2011,1287034.7,0.00,44.98,3.01,213.71,6.86
6,4/2/2011,1514999.17,0.00,40.59,2.99,214.09,6.86
6,11/2/2011,1486920.17,1.00,39.38,3.02,214.46,6.86
6,18-02-2011,1572117.54,0.00,59.61,3.05,214.78,6.86
6,25-02-2011,1422600.43,0.00,62.86,3.07,215.07,6.86
6,4/3/2011,1502617.99,0.00,60.45,3.29,215.36,6.86
6,11/3/2011,1494497.39,0.00,57.71,3.46,215.65,6.86
6,18-03-2011,1685375.47,0.00,65.07,3.49,215.90,6.86
6,25-03-2011,1438465.81,0.00,70.83,3.47,216.14,6.86
6,1/4/2011,1459276.77,0.00,62.25,3.52,216.38,6.86
6,8/4/2011,1534594,0.00,70.35,3.62,216.62,6.86
6,15-04-2011,1448797.02,0.00,73.17,3.74,216.84,6.86
6,22-04-2011,1639358.93,0.00,74.24,3.81,217.01,6.86
6,29-04-2011,1479249.9,0.00,75.27,3.81,217.18,6.86
6,6/5/2011,1504651.57,0.00,65.42,3.91,217.35,6.86
6,13-05-2011,1453185.65,0.00,76.95,3.90,217.52,6.86
6,20-05-2011,1382783.83,0.00,72.01,3.91,217.29,6.86
6,27-05-2011,1523979.11,0.00,80.83,3.79,217.05,6.86
6,3/6/2011,1705506.29,0.00,84.01,3.70,216.82,6.86
6,10/6/2011,1598643.65,0.00,84.49,3.65,216.58,6.86
6,17-06-2011,1622150.33,0.00,87.08,3.64,216.54,6.86
6,24-06-2011,1543365.9,0.00,85.51,3.59,216.63,6.86
6,1/7/2011,1694551.15,0.00,87.00,3.52,216.73,6.93
6,8/7/2011,1709373.62,0.00,88.36,3.48,216.82,6.93
6,15-07-2011,1526801.24,0.00,88.93,3.58,216.90,6.93
6,22-07-2011,1526506.08,0.00,88.06,3.65,216.96,6.93
6,29-07-2011,1483991.05,0.00,90.22,3.68,217.02,6.93
6,5/8/2011,1601584.57,0.00,91.46,3.68,217.08,6.93
6,12/8/2011,1484995.38,0.00,90.49,3.64,217.14,6.93
6,19-08-2011,1493544.04,0.00,89.26,3.55,217.21,6.93
6,26-08-2011,1420405.41,0.00,90.07,3.52,217.27,6.93
6,2/9/2011,1481618.74,0.00,91.22,3.53,217.33,6.93
6,9/9/2011,1483574.38,1.00,80.21,3.55,217.40,6.93
6,16-09-2011,1351407.79,0.00,84.94,3.53,217.58,6.93
6,23-09-2011,1336044.75,0.00,78.49,3.47,217.92,6.93
6,30-09-2011,1307551.92,0.00,82.51,3.36,218.26,6.93
6,7/10/2011,1481739.2,0.00,74.10,3.29,218.60,6.55
6,14-10-2011,1386520.99,0.00,71.24,3.27,218.91,6.55
6,21-10-2011,1417922.37,0.00,68.53,3.35,219.07,6.55
6,28-10-2011,1419445.12,0.00,69.51,3.37,219.24,6.55
6,4/11/2011,1523420.38,0.00,58.54,3.33,219.40,6.55
6,11/11/2011,1536176.54,0.00,61.33,3.30,219.56,6.55
6,18-11-2011,1524390.07,0.00,63.89,3.31,219.79,6.55
6,25-11-2011,2249811.55,1.00,62.78,3.24,220.04,6.55
6,2/12/2011,1688531.34,0.00,51.18,3.17,220.29,6.55
6,9/12/2011,1903385.14,0.00,43.64,3.16,220.55,6.55
6,16-12-2011,2034695.56,0.00,53.27,3.16,220.77,6.55
6,23-12-2011,2644633.02,0.00,49.45,3.11,220.95,6.55
6,30-12-2011,1598080.52,1.00,46.80,3.13,221.13,6.55
6,6/1/2012,1395339.71,0.00,50.82,3.16,221.31,6.13
6,13-01-2012,1344243.17,0.00,48.33,3.26,221.49,6.13
6,20-01-2012,1326255.7,0.00,55.37,3.27,221.58,6.13
6,27-01-2012,1315610.66,0.00,53.95,3.29,221.68,6.13
6,3/2/2012,1496305.78,0.00,57.45,3.36,221.77,6.13
6,10/2/2012,1620603.92,1.00,48.58,3.41,221.86,6.13
6,17-02-2012,1632616.09,0.00,49.03,3.51,222.03,6.13
6,24-02-2012,1465187.71,0.00,59.17,3.56,222.24,6.13
6,2/3/2012,1550385.65,0.00,60.32,3.63,222.45,6.13
6,9/3/2012,1569304.4,0.00,57.89,3.67,222.67,6.13
6,16-03-2012,1748010.29,0.00,62.80,3.73,222.82,6.13
6,23-03-2012,1495143.62,0.00,63.71,3.79,222.89,6.13
6,30-03-2012,1508933.26,0.00,67.91,3.85,222.97,6.13
6,6/4/2012,1840131.19,0.00,71.60,3.89,223.04,5.96
6,13-04-2012,1616394.45,0.00,71.29,3.89,223.12,5.96
6,20-04-2012,1456073.24,0.00,68.64,3.88,223.17,5.96
6,27-04-2012,1456221.1,0.00,71.50,3.81,223.23,5.96
6,4/5/2012,1543461.12,0.00,77.66,3.75,223.28,5.96
6,11/5/2012,1517075.67,0.00,72.66,3.69,223.33,5.96
6,18-05-2012,1513635.64,0.00,70.50,3.63,223.35,5.96
6,25-05-2012,1603793.42,0.00,78.47,3.56,223.35,5.96
6,1/6/2012,1681121.38,0.00,80.39,3.50,223.35,5.96
6,8/6/2012,1696619.52,0.00,80.50,3.45,223.36,5.96
6,15-06-2012,1642247.48,0.00,82.10,3.39,223.37,5.96
6,22-06-2012,1618272.25,0.00,81.20,3.35,223.41,5.96
6,29-06-2012,1648863.46,0.00,87.35,3.29,223.45,5.96
6,6/7/2012,1876359.39,0.00,82.95,3.23,223.49,5.67
6,13-07-2012,1588142.26,0.00,80.27,3.26,223.53,5.67
6,20-07-2012,1574361.97,0.00,81.57,3.31,223.54,5.67
6,27-07-2012,1513229.16,0.00,85.78,3.41,223.55,5.67
6,3/8/2012,1627274.93,0.00,87.55,3.42,223.56,5.67
6,10/8/2012,1588380.73,0.00,87.04,3.49,223.57,5.67
6,17-08-2012,1543049.52,0.00,87.53,3.57,223.65,5.67
6,24-08-2012,1501095.49,0.00,79.03,3.62,223.79,5.67
6,31-08-2012,1577439.81,0.00,83.58,3.64,223.92,5.67
6,7/9/2012,1608077.01,1.00,86.33,3.73,224.06,5.67
6,14-09-2012,1375166.86,0.00,76.41,3.72,224.20,5.67
6,21-09-2012,1425603.65,0.00,70.81,3.72,224.40,5.67
6,28-09-2012,1369131.46,0.00,77.82,3.67,224.60,5.67
6,5/10/2012,1518177.71,0.00,70.84,3.62,224.80,5.33
6,12/10/2012,1459396.84,0.00,65.43,3.60,225.01,5.33
6,19-10-2012,1436883.99,0.00,69.68,3.59,225.05,5.33
6,26-10-2012,1431426.34,0.00,72.34,3.51,225.07,5.33
7,5/2/2010,496725.44,0.00,10.53,2.58,189.38,9.01
7,12/2/2010,524104.92,1.00,25.90,2.57,189.46,9.01
7,19-02-2010,506760.54,0.00,27.28,2.55,189.53,9.01
7,26-02-2010,496083.24,0.00,24.91,2.59,189.60,9.01
7,5/3/2010,491419.55,0.00,35.86,2.62,189.67,9.01
7,12/3/2010,480452.1,0.00,27.25,2.68,189.74,9.01
7,19-03-2010,574450.23,0.00,29.04,2.69,189.73,9.01
7,26-03-2010,514731.6,0.00,23.33,2.72,189.72,9.01
7,2/4/2010,561145.14,0.00,38.26,2.73,189.70,8.96
7,9/4/2010,484263.25,0.00,33.79,2.75,189.69,8.96
7,16-04-2010,406228.19,0.00,41.89,2.77,189.66,8.96
7,23-04-2010,404751.25,0.00,43.07,2.78,189.62,8.96
7,30-04-2010,373655.61,0.00,38.99,2.77,189.58,8.96
7,7/5/2010,395453.83,0.00,40.07,2.77,189.53,8.96
7,14-05-2010,372673.61,0.00,41.41,2.79,189.49,8.96
7,21-05-2010,395195.65,0.00,46.60,2.78,189.47,8.96
7,28-05-2010,442734.55,0.00,54.24,2.74,189.45,8.96
7,4/6/2010,509183.22,0.00,53.63,2.70,189.42,8.96
7,11/6/2010,498580.87,0.00,63.59,2.68,189.40,8.96
7,18-06-2010,481144.09,0.00,52.70,2.67,189.42,8.96
7,25-06-2010,553714.87,0.00,59.94,2.72,189.45,8.96
7,2/7/2010,575570.77,0.00,61.31,2.73,189.49,9.02
7,9/7/2010,593462.34,0.00,58.00,2.71,189.52,9.02
7,16-07-2010,557166.35,0.00,62.19,2.70,189.61,9.02
7,23-07-2010,570231.21,0.00,64.64,2.69,189.77,9.02
7,30-07-2010,603547.16,0.00,66.07,2.69,189.94,9.02
7,6/8/2010,643854.17,0.00,61.70,2.69,190.10,9.02
7,13-08-2010,598185.4,0.00,60.13,2.72,190.26,9.02
7,20-08-2010,582353.17,0.00,59.59,2.73,190.29,9.02
7,27-08-2010,554309.24,0.00,57.57,2.73,190.33,9.02
7,3/9/2010,532765.05,0.00,49.84,2.77,190.36,9.02
7,10/9/2010,535769.32,1.00,48.50,2.78,190.40,9.02
7,17-09-2010,489408.53,0.00,48.56,2.80,190.47,9.02
7,24-09-2010,488008.83,0.00,47.55,2.79,190.57,9.02
7,1/10/2010,448998.73,0.00,49.99,2.76,190.67,9.14
7,8/10/2010,480239.88,0.00,44.13,2.75,190.78,9.14
7,15-10-2010,463370.48,0.00,35.86,2.76,190.86,9.14
7,22-10-2010,472450.81,0.00,36.84,2.76,190.91,9.14
7,29-10-2010,465493.15,0.00,34.78,2.75,190.95,9.14
7,5/11/2010,480512.44,0.00,49.44,2.73,191.00,9.14
7,12/11/2010,507584.29,0.00,22.12,2.74,191.04,9.14
7,19-11-2010,482528.36,0.00,25.56,2.76,191.03,9.14
7,26-11-2010,835189.26,1.00,17.95,2.74,191.01,9.14
7,3/12/2010,552811.62,0.00,21.88,2.71,190.99,9.14
7,10/12/2010,599730.07,0.00,24.24,2.73,190.97,9.14
7,17-12-2010,716388.81,0.00,20.74,2.78,191.03,9.14
7,24-12-2010,1045124.88,0.00,26.04,2.78,191.14,9.14
7,31-12-2010,729572.08,1.00,13.76,2.83,191.26,9.14
7,7/1/2011,661163.94,0.00,10.09,2.88,191.37,8.82
7,14-01-2011,547384.9,0.00,11.32,2.91,191.48,8.82
7,21-01-2011,521539.46,0.00,25.40,2.97,191.57,8.82
7,28-01-2011,513372.17,0.00,10.11,3.01,191.67,8.82
7,4/2/2011,558027.77,0.00,-2.06,3.01,191.76,8.82
7,11/2/2011,559903.13,1.00,10.24,3.04,191.86,8.82
7,18-02-2011,572387.47,0.00,17.30,3.05,191.92,8.82
7,25-02-2011,546690.84,0.00,17.46,3.10,191.96,8.82
7,4/3/2011,551378.39,0.00,21.84,3.23,192.01,8.82
7,11/3/2011,558963.83,0.00,20.70,3.37,192.06,8.82
7,18-03-2011,635014.69,0.00,27.69,3.41,192.12,8.82
7,25-03-2011,559061.58,0.00,25.69,3.41,192.20,8.82
7,1/4/2011,513409.67,0.00,24.83,3.46,192.27,8.60
7,8/4/2011,500552.16,0.00,30.64,3.53,192.34,8.60
7,15-04-2011,423380.14,0.00,27.79,3.61,192.42,8.60
7,22-04-2011,466594.89,0.00,31.84,3.64,192.52,8.60
7,29-04-2011,410429.73,0.00,26.79,3.66,192.62,8.60
7,6/5/2011,407012.47,0.00,26.54,3.74,192.73,8.60
7,13-05-2011,414094.05,0.00,36.61,3.77,192.83,8.60
7,20-05-2011,424670.98,0.00,36.16,3.83,192.83,8.60
7,27-05-2011,457216.87,0.00,37.51,3.80,192.84,8.60
7,3/6/2011,542295.37,0.00,45.77,3.76,192.84,8.60
7,10/6/2011,621099.95,0.00,53.30,3.74,192.85,8.60
7,17-06-2011,610991.35,0.00,48.79,3.70,192.90,8.60
7,24-06-2011,640043.97,0.00,46.85,3.66,193.00,8.60
7,1/7/2011,704344.21,0.00,58.54,3.60,193.09,8.62
7,8/7/2011,761793.94,0.00,59.08,3.54,193.19,8.62
7,15-07-2011,642748.21,0.00,54.37,3.53,193.31,8.62
7,22-07-2011,688043.96,0.00,56.22,3.55,193.51,8.62
7,29-07-2011,653382.62,0.00,56.66,3.55,193.71,8.62
7,5/8/2011,695392.84,0.00,55.91,3.55,193.91,8.62
7,12/8/2011,670670.46,0.00,54.56,3.54,194.11,8.62
7,19-08-2011,645156.21,0.00,56.06,3.50,194.25,8.62
7,26-08-2011,629994.47,0.00,57.60,3.49,194.38,8.62
7,2/9/2011,592355.24,0.00,53.40,3.51,194.51,8.62
7,9/9/2011,613135.23,1.00,45.61,3.57,194.64,8.62
7,16-09-2011,558981.45,0.00,43.67,3.60,194.74,8.62
7,23-09-2011,536144.81,0.00,43.67,3.58,194.81,8.62
7,30-09-2011,488880.26,0.00,47.34,3.54,194.88,8.62
7,7/10/2011,525866.36,0.00,40.65,3.50,194.95,8.51
7,14-10-2011,501959.19,0.00,32.65,3.49,195.03,8.51
7,21-10-2011,558691.43,0.00,37.49,3.55,195.18,8.51
7,28-10-2011,527339.52,0.00,28.82,3.55,195.33,8.51
7,4/11/2011,564536.01,0.00,23.41,3.53,195.48,8.51
7,11/11/2011,556015.59,0.00,19.53,3.51,195.64,8.51
7,18-11-2011,539826.56,0.00,29.53,3.48,195.72,8.51
7,25-11-2011,949075.87,1.00,27.60,3.42,195.77,8.51
7,2/12/2011,591907.88,0.00,20.38,3.38,195.82,8.51
7,9/12/2011,653845.45,0.00,11.17,3.33,195.87,8.51
7,16-12-2011,720242.19,0.00,15.20,3.27,195.98,8.51
7,23-12-2011,1059715.27,0.00,12.19,3.17,196.17,8.51
7,30-12-2011,815915.52,1.00,15.56,3.12,196.36,8.51
7,6/1/2012,713117.66,0.00,18.67,3.10,196.55,8.26
7,13-01-2012,593875.46,0.00,7.46,3.08,196.73,8.26
7,20-01-2012,578002.85,0.00,27.41,3.06,196.78,8.26
7,27-01-2012,541037.98,0.00,26.90,3.04,196.83,8.26
7,3/2/2012,580453.32,0.00,22.20,3.03,196.87,8.26
7,10/2/2012,563460.77,1.00,18.79,3.10,196.92,8.26
7,17-02-2012,620908.18,0.00,27.03,3.11,196.94,8.26
7,24-02-2012,603041.14,0.00,24.41,3.13,196.95,8.26
7,2/3/2012,551058.13,0.00,21.64,3.19,196.96,8.26
7,9/3/2012,579166.5,0.00,30.10,3.29,196.96,8.26
7,16-03-2012,669205.73,0.00,37.29,3.49,197.05,8.26
7,23-03-2012,615997.29,0.00,35.06,3.66,197.23,8.26
7,30-03-2012,583322.2,0.00,44.99,3.75,197.41,8.26
7,6/4/2012,621425.98,0.00,44.29,3.85,197.60,8.09
7,13-04-2012,517420.23,0.00,41.43,3.90,197.78,8.09
7,20-04-2012,457340.06,0.00,39.30,3.94,197.72,8.09
7,27-04-2012,467827.75,0.00,51.49,3.93,197.66,8.09
7,4/5/2012,465198.89,0.00,45.38,3.90,197.61,8.09
7,11/5/2012,460397.41,0.00,48.54,3.87,197.55,8.09
7,18-05-2012,468428.3,0.00,49.41,3.84,197.56,8.09
7,25-05-2012,532739.77,0.00,50.60,3.80,197.59,8.09
7,1/6/2012,598495.02,0.00,55.06,3.76,197.62,8.09
7,8/6/2012,642963.75,0.00,63.07,3.74,197.66,8.09
7,15-06-2012,666942.02,0.00,59.33,3.72,197.69,8.09
7,22-06-2012,687344.68,0.00,63.69,3.74,197.74,8.09
7,29-06-2012,704335.41,0.00,68.84,3.69,197.79,8.09
7,6/7/2012,805642.61,0.00,64.67,3.65,197.83,7.87
7,13-07-2012,694150.89,0.00,64.21,3.61,197.88,7.87
7,20-07-2012,686345.69,0.00,62.87,3.59,197.93,7.87
7,27-07-2012,686365.4,0.00,64.60,3.57,197.98,7.87
7,3/8/2012,680954.81,0.00,61.83,3.53,198.03,7.87
7,10/8/2012,675926.3,0.00,63.41,3.51,198.08,7.87
7,17-08-2012,642450.4,0.00,59.66,3.55,198.10,7.87
7,24-08-2012,609099.37,0.00,59.27,3.56,198.10,7.87
7,31-08-2012,586467.16,0.00,60.46,3.56,198.10,7.87
7,7/9/2012,597876.55,1.00,57.84,3.60,198.10,7.87
7,14-09-2012,541120.2,0.00,53.66,3.66,198.13,7.87
7,21-09-2012,530842.25,0.00,51.77,3.77,198.36,7.87
7,28-09-2012,525545.76,0.00,50.64,3.79,198.59,7.87
7,5/10/2012,505830.56,0.00,48.43,3.78,198.82,7.56
7,12/10/2012,503463.93,0.00,41.43,3.76,199.05,7.56
7,19-10-2012,516424.83,0.00,43.01,3.75,199.15,7.56
7,26-10-2012,495543.28,0.00,42.53,3.69,199.22,7.56
8,5/2/2010,1004137.09,0.00,34.14,2.57,214.47,6.30
8,12/2/2010,994801.4,1.00,33.34,2.55,214.62,6.30
8,19-02-2010,963960.37,0.00,39.10,2.51,214.67,6.30
8,26-02-2010,847592.11,0.00,37.91,2.56,214.69,6.30
8,5/3/2010,881503.95,0.00,45.64,2.63,214.72,6.30
8,12/3/2010,860336.16,0.00,49.76,2.67,214.75,6.30
8,19-03-2010,839911,0.00,47.26,2.72,214.58,6.30
8,26-03-2010,772539.12,0.00,46.51,2.73,214.37,6.30
8,2/4/2010,914500.91,0.00,60.18,2.72,214.16,6.29
8,9/4/2010,916033.92,0.00,59.25,2.77,213.96,6.29
8,16-04-2010,882917.12,0.00,62.66,2.81,213.82,6.29
8,23-04-2010,850440.26,0.00,56.10,2.80,213.77,6.29
8,30-04-2010,778672.64,0.00,61.01,2.78,213.72,6.29
8,7/5/2010,916820.96,0.00,62.68,2.84,213.67,6.29
8,14-05-2010,873337.84,0.00,61.35,2.85,213.67,6.29
8,21-05-2010,818333.21,0.00,66.03,2.83,213.96,6.29
8,28-05-2010,868041.56,0.00,74.71,2.76,214.25,6.29
8,4/6/2010,958225.41,0.00,75.71,2.71,214.54,6.29
8,11/6/2010,914835.86,0.00,82.21,2.67,214.83,6.29
8,18-06-2010,869922.56,0.00,78.79,2.64,214.83,6.29
8,25-06-2010,814919.11,0.00,81.78,2.65,214.71,6.29
8,2/7/2010,852333.75,0.00,74.78,2.67,214.59,6.32
8,9/7/2010,845289.77,0.00,72.49,2.64,214.47,6.32
8,16-07-2010,848630.57,0.00,77.49,2.62,214.46,6.32
8,23-07-2010,785515.88,0.00,78.29,2.61,214.60,6.32
8,30-07-2010,787295.09,0.00,76.02,2.64,214.74,6.32
8,6/8/2010,893399.77,0.00,80.37,2.63,214.88,6.32
8,13-08-2010,867919.21,0.00,80.11,2.69,215.02,6.32
8,20-08-2010,870676.44,0.00,79.36,2.66,214.98,6.32
8,27-08-2010,888816.78,0.00,74.92,2.62,214.94,6.32
8,3/9/2010,899036.47,0.00,76.14,2.58,214.89,6.32
8,10/9/2010,831425.2,1.00,74.34,2.57,214.85,6.32
8,17-09-2010,836707.85,0.00,75.32,2.58,214.88,6.32
8,24-09-2010,773725.08,0.00,72.21,2.62,214.95,6.32
8,1/10/2010,804105.49,0.00,68.70,2.60,215.03,6.43
8,8/10/2010,870349.86,0.00,62.94,2.63,215.11,6.43
8,15-10-2010,826546.96,0.00,62.59,2.72,215.18,6.43
8,22-10-2010,836419.14,0.00,62.86,2.73,215.22,6.43
8,29-10-2010,830756.76,0.00,57.93,2.72,215.27,6.43
8,5/11/2010,927266.34,0.00,55.76,2.69,215.32,6.43
8,12/11/2010,911538.98,0.00,54.89,2.73,215.37,6.43
8,19-11-2010,885608.04,0.00,43.86,2.77,215.25,6.43
8,26-11-2010,1261693.16,1.00,51.07,2.74,215.11,6.43
8,3/12/2010,952766.93,0.00,42.85,2.71,214.96,6.43
8,10/12/2010,1069061.63,0.00,42.47,2.84,214.82,6.43
8,17-12-2010,1220579.55,0.00,45.03,2.87,214.75,6.43
8,24-12-2010,1511641.09,0.00,45.67,2.89,214.75,6.43
8,31-12-2010,773586.49,1.00,41.47,2.94,214.74,6.43
8,7/1/2011,873065.23,0.00,35.77,2.98,214.74,6.26
8,14-01-2011,809646.66,0.00,31.62,2.98,214.79,6.26
8,21-01-2011,822668.23,0.00,42.06,3.02,215.17,6.26
8,28-01-2011,782256.66,0.00,39.26,3.01,215.55,6.26
8,4/2/2011,944594.78,0.00,24.48,2.99,215.93,6.26
8,11/2/2011,996147.39,1.00,28.26,3.02,216.31,6.26
8,18-02-2011,1065108.64,0.00,50.64,3.05,216.63,6.26
8,25-02-2011,917317.15,0.00,51.29,3.07,216.92,6.26
8,4/3/2011,935266.43,0.00,53.18,3.29,217.22,6.26
8,11/3/2011,900387.29,0.00,49.14,3.46,217.51,6.26
8,18-03-2011,898289.14,0.00,56.68,3.49,217.77,6.26
8,25-03-2011,827968.36,0.00,59.74,3.47,218.01,6.26
8,1/4/2011,878762.3,0.00,49.86,3.52,218.26,6.30
8,8/4/2011,949825.83,0.00,65.62,3.62,218.50,6.30
8,15-04-2011,908278.74,0.00,63.55,3.74,218.73,6.30
8,22-04-2011,937473.13,0.00,65.11,3.81,218.90,6.30
8,29-04-2011,855014.77,0.00,62.29,3.81,219.07,6.30
8,6/5/2011,941457.34,0.00,58.92,3.91,219.24,6.30
8,13-05-2011,895763.41,0.00,72.96,3.90,219.42,6.30
8,20-05-2011,836049.89,0.00,65.54,3.91,219.17,6.30
8,27-05-2011,857939.41,0.00,73.14,3.79,218.93,6.30
8,3/6/2011,929222.16,0.00,82.05,3.70,218.69,6.30
8,10/6/2011,897309.41,0.00,82.21,3.65,218.45,6.30
8,17-06-2011,922048.41,0.00,84.73,3.64,218.40,6.30
8,24-06-2011,864881.24,0.00,83.94,3.59,218.50,6.30
8,1/7/2011,883683.35,0.00,87.26,3.52,218.59,6.43
8,8/7/2011,861965.12,0.00,83.57,3.48,218.69,6.43
8,15-07-2011,849925.37,0.00,84.26,3.58,218.77,6.43
8,22-07-2011,829902.42,0.00,85.46,3.65,218.83,6.43
8,29-07-2011,807082.19,0.00,86.46,3.68,218.89,6.43
8,5/8/2011,892393.77,0.00,85.15,3.68,218.95,6.43
8,12/8/2011,856796.1,0.00,86.05,3.64,219.01,6.43
8,19-08-2011,895066.5,0.00,82.92,3.55,219.07,6.43
8,26-08-2011,912542.82,0.00,84.69,3.52,219.13,6.43
8,2/9/2011,891387.14,0.00,84.77,3.53,219.20,6.43
8,9/9/2011,848358.09,1.00,69.01,3.55,219.26,6.43
8,16-09-2011,870971.82,0.00,69.09,3.53,219.44,6.43
8,23-09-2011,806444.29,0.00,68.72,3.47,219.79,6.43
8,30-09-2011,809049.37,0.00,72.20,3.36,220.13,6.43
8,7/10/2011,929976.55,0.00,67.61,3.29,220.48,6.12
8,14-10-2011,863188.26,0.00,61.74,3.27,220.80,6.12
8,21-10-2011,905984.49,0.00,59.97,3.35,220.96,6.12
8,28-10-2011,876712.31,0.00,56.86,3.37,221.13,6.12
8,4/11/2011,947815.05,0.00,49.68,3.33,221.29,6.12
8,11/11/2011,917088.48,0.00,50.56,3.30,221.46,6.12
8,18-11-2011,897032.19,0.00,51.72,3.31,221.69,6.12
8,25-11-2011,1235163.86,1.00,49.61,3.24,221.95,6.12
8,2/12/2011,986601.46,0.00,40.82,3.17,222.21,6.12
8,9/12/2011,1051922.95,0.00,30.51,3.16,222.47,6.12
8,16-12-2011,1118163.94,0.00,39.79,3.16,222.69,6.12
8,23-12-2011,1462254.05,0.00,38.16,3.11,222.87,6.12
8,30-12-2011,858572.22,1.00,36.33,3.13,223.06,6.12
8,6/1/2012,872113.23,0.00,43.47,3.16,223.24,5.83
8,13-01-2012,817661.76,0.00,36.46,3.26,223.42,5.83
8,20-01-2012,813954.82,0.00,46.81,3.27,223.52,5.83
8,27-01-2012,778178.53,0.00,45.52,3.29,223.61,5.83
8,3/2/2012,927610.69,0.00,45.56,3.36,223.71,5.83
8,10/2/2012,1021400.42,1.00,35.71,3.41,223.80,5.83
8,17-02-2012,1096232.89,0.00,37.51,3.51,223.97,5.83
8,24-02-2012,928537.54,0.00,46.33,3.56,224.18,5.83
8,2/3/2012,952264.91,0.00,50.95,3.63,224.40,5.83
8,9/3/2012,960115.56,0.00,49.59,3.67,224.61,5.83
8,16-03-2012,921178.39,0.00,56.63,3.73,224.77,5.83
8,23-03-2012,874223.25,0.00,52.90,3.79,224.84,5.83
8,30-03-2012,905935.29,0.00,66.69,3.85,224.91,5.83
8,6/4/2012,1046816.59,0.00,62.18,3.89,224.99,5.68
8,13-04-2012,909989.45,0.00,65.19,3.89,225.06,5.68
8,20-04-2012,872288.46,0.00,63.59,3.88,225.12,5.68
8,27-04-2012,879448.25,0.00,70.34,3.81,225.17,5.68
8,4/5/2012,937232.09,0.00,73.96,3.75,225.23,5.68
8,11/5/2012,920128.89,0.00,64.96,3.69,225.28,5.68
8,18-05-2012,913922.01,0.00,64.16,3.63,225.30,5.68
8,25-05-2012,895157.44,0.00,76.11,3.56,225.30,5.68
8,1/6/2012,921161.2,0.00,78.31,3.50,225.30,5.68
8,8/6/2012,928820,0.00,74.28,3.45,225.30,5.68
8,15-06-2012,916918.7,0.00,77.14,3.39,225.31,5.68
8,22-06-2012,899449.65,0.00,78.85,3.35,225.36,5.68
8,29-06-2012,878298.22,0.00,84.47,3.29,225.40,5.68
8,6/7/2012,936205.5,0.00,81.24,3.23,225.44,5.40
8,13-07-2012,890488.01,0.00,78.46,3.26,225.48,5.40
8,20-07-2012,888834.07,0.00,79.94,3.31,225.49,5.40
8,27-07-2012,838227.52,0.00,81.71,3.41,225.50,5.40
8,3/8/2012,897076.73,0.00,85.06,3.42,225.51,5.40
8,10/8/2012,930745.69,0.00,83.74,3.49,225.52,5.40
8,17-08-2012,896613.19,0.00,81.21,3.57,225.61,5.40
8,24-08-2012,936373.65,0.00,73.77,3.62,225.74,5.40
8,31-08-2012,976137.73,0.00,75.33,3.64,225.88,5.40
8,7/9/2012,932160.37,1.00,80.87,3.73,226.02,5.40
8,14-09-2012,883569.38,0.00,67.21,3.72,226.16,5.40
8,21-09-2012,857796.45,0.00,66.96,3.72,226.36,5.40
8,28-09-2012,884724.41,0.00,71.10,3.67,226.57,5.40
8,5/10/2012,976436.02,0.00,61.41,3.62,226.77,5.12
8,12/10/2012,927511.99,0.00,55.03,3.60,226.97,5.12
8,19-10-2012,900309.75,0.00,62.99,3.59,227.02,5.12
8,26-10-2012,891671.44,0.00,64.74,3.51,227.04,5.12
9,5/2/2010,549505.55,0.00,38.01,2.57,214.66,6.42
9,12/2/2010,552677.48,1.00,37.08,2.55,214.81,6.42
9,19-02-2010,511327.9,0.00,43.06,2.51,214.85,6.42
9,26-02-2010,473773.27,0.00,43.83,2.56,214.88,6.42
9,5/3/2010,507297.88,0.00,48.43,2.63,214.91,6.42
9,12/3/2010,494145.8,0.00,55.76,2.67,214.93,6.42
9,19-03-2010,485744.61,0.00,53.15,2.72,214.76,6.42
9,26-03-2010,484946.56,0.00,51.80,2.73,214.55,6.42
9,2/4/2010,545206.32,0.00,65.21,2.72,214.35,6.38
9,9/4/2010,529384.31,0.00,64.95,2.77,214.14,6.38
9,16-04-2010,485764.32,0.00,66.09,2.81,214.00,6.38
9,23-04-2010,488683.57,0.00,61.26,2.80,213.95,6.38
9,30-04-2010,491723.42,0.00,66.07,2.78,213.90,6.38
9,7/5/2010,526128.61,0.00,68.58,2.84,213.85,6.38
9,14-05-2010,492792.8,0.00,70.53,2.85,213.85,6.38
9,21-05-2010,506274.94,0.00,71.50,2.83,214.14,6.38
9,28-05-2010,558143.53,0.00,77.12,2.76,214.43,6.38
9,4/6/2010,586061.46,0.00,79.65,2.71,214.73,6.38
9,11/6/2010,522715.68,0.00,83.75,2.67,215.02,6.38
9,18-06-2010,513073.87,0.00,82.99,2.64,215.02,6.38
9,25-06-2010,509263.28,0.00,85.02,2.65,214.90,6.38
9,2/7/2010,528832.54,0.00,78.55,2.67,214.78,6.44
9,9/7/2010,485389.15,0.00,78.51,2.64,214.66,6.44
9,16-07-2010,474030.51,0.00,82.93,2.62,214.65,6.44
9,23-07-2010,462676.5,0.00,84.49,2.61,214.79,6.44
9,30-07-2010,468675.19,0.00,79.83,2.64,214.93,6.44
9,6/8/2010,522815.45,0.00,87.09,2.63,215.06,6.44
9,13-08-2010,481897.98,0.00,86.85,2.69,215.20,6.44
9,20-08-2010,499325.38,0.00,86.30,2.66,215.16,6.44
9,27-08-2010,506789.66,0.00,84.01,2.62,215.12,6.44
9,3/9/2010,511049.06,0.00,82.47,2.58,215.08,6.44
9,10/9/2010,484835.2,1.00,77.70,2.57,215.04,6.44
9,17-09-2010,463448.59,0.00,81.19,2.58,215.06,6.44
9,24-09-2010,452905.22,0.00,77.15,2.62,215.14,6.44
9,1/10/2010,495692.19,0.00,69.08,2.60,215.21,6.56
9,8/10/2010,505069.21,0.00,65.35,2.63,215.29,6.56
9,15-10-2010,454769.68,0.00,67.36,2.72,215.36,6.56
9,22-10-2010,466322.76,0.00,69.99,2.73,215.41,6.56
9,29-10-2010,508801.61,0.00,64.43,2.72,215.46,6.56
9,5/11/2010,517869.97,0.00,58.69,2.69,215.51,6.56
9,12/11/2010,520846.68,0.00,61.59,2.73,215.56,6.56
9,19-11-2010,519823.3,0.00,49.96,2.77,215.44,6.56
9,26-11-2010,768070.53,1.00,60.18,2.74,215.29,6.56
9,3/12/2010,578164.82,0.00,49.89,2.71,215.14,6.56
9,10/12/2010,618121.82,0.00,46.10,2.84,215.00,6.56
9,17-12-2010,685243.2,0.00,49.70,2.87,214.93,6.56
9,24-12-2010,873347.55,0.00,50.93,2.89,214.93,6.56
9,31-12-2010,459770.85,1.00,45.92,2.94,214.93,6.56
9,7/1/2011,490981.78,0.00,41.82,2.98,214.92,6.42
9,14-01-2011,458086.69,0.00,36.43,2.98,214.97,6.42
9,21-01-2011,454021.69,0.00,44.72,3.02,215.36,6.42
9,28-01-2011,463561.48,0.00,43.90,3.01,215.74,6.42
9,4/2/2011,544612.28,0.00,31.82,2.99,216.12,6.42
9,11/2/2011,555279.02,1.00,34.13,3.02,216.50,6.42
9,18-02-2011,610985.56,0.00,58.50,3.05,216.82,6.42
9,25-02-2011,513107.2,0.00,59.01,3.07,217.11,6.42
9,4/3/2011,542016.18,0.00,60.67,3.29,217.40,6.42
9,11/3/2011,517783.5,0.00,54.75,3.46,217.70,6.42
9,18-03-2011,515226.11,0.00,63.82,3.49,217.96,6.42
9,25-03-2011,497488.4,0.00,68.79,3.47,218.20,6.42
9,1/4/2011,520962.14,0.00,56.12,3.52,218.45,6.38
9,8/4/2011,561625.92,0.00,71.40,3.62,218.69,6.38
9,15-04-2011,528420.28,0.00,71.90,3.74,218.91,6.38
9,22-04-2011,549502.11,0.00,72.35,3.81,219.09,6.38
9,29-04-2011,532226.2,0.00,70.85,3.81,219.26,6.38
9,6/5/2011,545251.1,0.00,62.20,3.91,219.43,6.38
9,13-05-2011,539126,0.00,77.66,3.90,219.60,6.38
9,20-05-2011,518266.9,0.00,70.49,3.91,219.36,6.38
9,27-05-2011,553834.04,0.00,80.42,3.79,219.12,6.38
9,3/6/2011,587004.29,0.00,85.80,3.70,218.88,6.38
9,10/6/2011,550076.32,0.00,85.81,3.65,218.64,6.38
9,17-06-2011,558671.14,0.00,89.15,3.64,218.59,6.38
9,24-06-2011,538745.93,0.00,86.74,3.59,218.68,6.38
9,1/7/2011,537064.03,0.00,89.14,3.52,218.78,6.40
9,8/7/2011,535983.13,0.00,89.04,3.48,218.88,6.40
9,15-07-2011,512834.04,0.00,90.45,3.58,218.96,6.40
9,22-07-2011,491449.94,0.00,89.08,3.65,219.02,6.40
9,29-07-2011,471449.98,0.00,91.10,3.68,219.08,6.40
9,5/8/2011,554879.67,0.00,91.52,3.68,219.13,6.40
9,12/8/2011,520284.79,0.00,91.63,3.64,219.19,6.40
9,19-08-2011,540819.44,0.00,85.80,3.55,219.26,6.40
9,26-08-2011,542663.53,0.00,88.95,3.52,219.32,6.40
9,2/9/2011,544643.33,0.00,89.33,3.53,219.38,6.40
9,9/9/2011,528784.86,1.00,75.65,3.55,219.45,6.40
9,16-09-2011,500274.03,0.00,77.95,3.53,219.63,6.40
9,23-09-2011,506743.78,0.00,74.42,3.47,219.97,6.40
9,30-09-2011,508567.04,0.00,78.45,3.36,220.32,6.40
9,7/10/2011,553836.98,0.00,72.62,3.29,220.66,6.05
9,14-10-2011,529515.66,0.00,67.27,3.27,220.98,6.05
9,21-10-2011,557075.21,0.00,65.46,3.35,221.15,6.05
9,28-10-2011,548527.49,0.00,63.96,3.37,221.32,6.05
9,4/11/2011,597855.07,0.00,54.46,3.33,221.48,6.05
9,11/11/2011,594574.12,0.00,58.28,3.30,221.65,6.05
9,18-11-2011,542414.27,0.00,58.80,3.31,221.88,6.05
9,25-11-2011,814753.5,1.00,54.32,3.24,222.14,6.05
9,2/12/2011,613115.21,0.00,46.84,3.17,222.40,6.05
9,9/12/2011,630327.28,0.00,37.65,3.16,222.66,6.05
9,16-12-2011,705557.97,0.00,47.31,3.16,222.88,6.05
9,23-12-2011,905324.68,0.00,44.43,3.11,223.07,6.05
9,30-12-2011,549788.36,1.00,43.41,3.13,223.25,6.05
9,6/1/2012,519585.67,0.00,47.54,3.16,223.43,5.67
9,13-01-2012,474964.6,0.00,42.44,3.26,223.62,5.67
9,20-01-2012,480130.04,0.00,51.56,3.27,223.71,5.67
9,27-01-2012,482451.21,0.00,49.38,3.29,223.81,5.67
9,3/2/2012,549967.89,0.00,54.43,3.36,223.90,5.67
9,10/2/2012,609736.12,1.00,44.03,3.41,224.00,5.67
9,17-02-2012,658965.05,0.00,43.81,3.51,224.16,5.67
9,24-02-2012,563578.79,0.00,53.67,3.56,224.37,5.67
9,2/3/2012,619498.28,0.00,57.20,3.63,224.59,5.67
9,9/3/2012,574955.95,0.00,54.03,3.67,224.80,5.67
9,16-03-2012,550373.57,0.00,59.94,3.73,224.96,5.67
9,23-03-2012,550791.32,0.00,58.79,3.79,225.03,5.67
9,30-03-2012,574985.37,0.00,67.87,3.85,225.11,5.67
9,6/4/2012,677885.99,0.00,68.83,3.89,225.18,5.54
9,13-04-2012,578539.86,0.00,69.19,3.89,225.26,5.54
9,20-04-2012,542819.03,0.00,68.04,3.88,225.31,5.54
9,27-04-2012,550414.99,0.00,73.07,3.81,225.37,5.54
9,4/5/2012,586289.08,0.00,78.98,3.75,225.42,5.54
9,11/5/2012,592572.3,0.00,70.94,3.69,225.48,5.54
9,18-05-2012,571463.93,0.00,69.52,3.63,225.49,5.54
9,25-05-2012,547226,0.00,79.69,3.56,225.49,5.54
9,1/6/2012,583648.59,0.00,80.26,3.50,225.49,5.54
9,8/6/2012,582525.42,0.00,78.91,3.45,225.49,5.54
9,15-06-2012,564606.1,0.00,82.21,3.39,225.51,5.54
9,22-06-2012,562173.12,0.00,81.05,3.35,225.55,5.54
9,29-06-2012,544770.7,0.00,87.18,3.29,225.59,5.54
9,6/7/2012,578790.36,0.00,84.15,3.23,225.63,5.28
9,13-07-2012,536537.64,0.00,82.39,3.26,225.68,5.28
9,20-07-2012,513991.57,0.00,83.39,3.31,225.69,5.28
9,27-07-2012,495951,0.00,86.41,3.41,225.70,5.28
9,3/8/2012,533887.54,0.00,90.23,3.42,225.71,5.28
9,10/8/2012,538713.47,0.00,88.66,3.49,225.72,5.28
9,17-08-2012,535153.47,0.00,86.37,3.57,225.80,5.28
9,24-08-2012,572887.78,0.00,77.90,3.62,225.94,5.28
9,31-08-2012,576879.15,0.00,80.71,3.64,226.07,5.28
9,7/9/2012,565812.29,1.00,87.93,3.73,226.21,5.28
9,14-09-2012,523427.35,0.00,73.55,3.72,226.36,5.28
9,21-09-2012,533756.88,0.00,69.92,3.72,226.56,5.28
9,28-09-2012,516361.06,0.00,76.80,3.67,226.76,5.28
9,5/10/2012,606755.3,0.00,66.61,3.62,226.97,4.95
9,12/10/2012,558464.8,0.00,60.09,3.60,227.17,4.95
9,19-10-2012,542009.46,0.00,68.01,3.59,227.21,4.95
9,26-10-2012,549731.49,0.00,69.52,3.51,227.23,4.95
10,5/2/2010,2193048.75,0.00,54.34,2.96,126.44,9.77
10,12/2/2010,2176028.52,1.00,49.96,2.83,126.50,9.77
10,19-02-2010,2113432.58,0.00,58.22,2.92,126.53,9.77
10,26-02-2010,2006774.96,0.00,52.77,2.83,126.55,9.77
10,5/3/2010,1987090.09,0.00,55.92,2.88,126.58,9.77
10,12/3/2010,1941346.13,0.00,52.33,3.03,126.60,9.77
10,19-03-2010,1946875.06,0.00,61.46,3.05,126.61,9.77
10,26-03-2010,1893532.46,0.00,60.05,2.98,126.61,9.77
10,2/4/2010,2138651.97,0.00,63.66,3.09,126.60,9.52
10,9/4/2010,2041069.37,0.00,65.29,3.00,126.60,9.52
10,16-04-2010,1826241.44,0.00,69.74,3.11,126.56,9.52
10,23-04-2010,1829521.83,0.00,66.42,3.05,126.47,9.52
10,30-04-2010,1790694.59,0.00,69.76,3.11,126.38,9.52
10,7/5/2010,1921432.16,0.00,71.06,3.13,126.29,9.52
10,14-05-2010,1808056.41,0.00,73.88,3.15,126.21,9.52
10,21-05-2010,1847613.58,0.00,78.32,3.12,126.18,9.52
10,28-05-2010,1904618.17,0.00,76.67,3.06,126.16,9.52
10,4/6/2010,1931406.28,0.00,82.82,2.94,126.14,9.52
10,11/6/2010,1827521.71,0.00,89.67,3.06,126.11,9.52
10,18-06-2010,1837636.24,0.00,83.49,2.94,126.11,9.52
10,25-06-2010,1768172.31,0.00,90.32,3.08,126.13,9.52
10,2/7/2010,1845893.87,0.00,92.89,2.98,126.14,9.20
10,9/7/2010,1769793.37,0.00,91.03,3.10,126.15,9.20
10,16-07-2010,1828052.47,0.00,91.80,2.97,126.15,9.20
10,23-07-2010,1831676.03,0.00,88.44,3.11,126.13,9.20
10,30-07-2010,1832664.03,0.00,85.03,3.02,126.11,9.20
10,6/8/2010,1949236.09,0.00,86.13,3.12,126.09,9.20
10,13-08-2010,1962996.7,0.00,88.37,3.05,126.06,9.20
10,20-08-2010,1983190.56,0.00,89.88,3.04,126.08,9.20
10,27-08-2010,1727565.42,0.00,84.99,3.02,126.09,9.20
10,3/9/2010,1766331.45,0.00,83.80,3.09,126.10,9.20
10,10/9/2010,1720530.23,1.00,84.04,2.96,126.11,9.20
10,17-09-2010,1716755.78,0.00,85.52,3.03,126.15,9.20
10,24-09-2010,1655036.75,0.00,85.75,2.94,126.19,9.20
10,1/10/2010,1645892.97,0.00,86.01,3.00,126.23,9.00
10,8/10/2010,1772192.42,0.00,77.04,2.92,126.28,9.00
10,15-10-2010,1703850.25,0.00,75.48,3.08,126.33,9.00
10,22-10-2010,1740234.06,0.00,68.12,3.01,126.38,9.00
10,29-10-2010,1741308.56,0.00,68.76,3.13,126.44,9.00
10,5/11/2010,1832211.96,0.00,71.04,3.01,126.49,9.00
10,12/11/2010,1895901.59,0.00,61.24,3.13,126.55,9.00
10,19-11-2010,1949177.13,0.00,58.83,3.05,126.61,9.00
10,26-11-2010,2939946.38,1.00,55.33,3.16,126.67,9.00
10,3/12/2010,2251206.64,0.00,51.17,3.04,126.73,9.00
10,10/12/2010,2411790.21,0.00,60.51,3.09,126.79,9.00
10,17-12-2010,2811646.85,0.00,59.15,3.13,126.88,9.00
10,24-12-2010,3749057.69,0.00,57.06,3.24,126.98,9.00
10,31-12-2010,1707298.14,1.00,49.67,3.15,127.09,9.00
10,7/1/2011,1714309.9,0.00,43.43,3.29,127.19,8.74
10,14-01-2011,1710803.59,0.00,49.98,3.31,127.30,8.74
10,21-01-2011,1677556.18,0.00,56.75,3.34,127.44,8.74
10,28-01-2011,1715769.05,0.00,53.03,3.23,127.58,8.74
10,4/2/2011,1968045.91,0.00,44.88,3.35,127.72,8.74
10,11/2/2011,2115408.31,1.00,51.51,3.38,127.86,8.74
10,18-02-2011,2106934.55,0.00,61.77,3.43,128.00,8.74
10,25-02-2011,1967996.71,0.00,53.59,3.40,128.13,8.74
10,4/3/2011,1958003.19,0.00,56.96,3.67,128.26,8.74
10,11/3/2011,1933469.15,0.00,64.22,3.63,128.40,8.74
10,18-03-2011,1884734.31,0.00,70.12,3.89,128.51,8.74
10,25-03-2011,1815798.85,0.00,62.53,3.72,128.62,8.74
10,1/4/2011,1827733.18,0.00,67.64,3.77,128.72,8.49
10,8/4/2011,1870720.73,0.00,73.03,3.82,128.82,8.49
10,15-04-2011,1781767.22,0.00,61.05,4.09,128.91,8.49
10,22-04-2011,2004831.14,0.00,75.93,3.92,128.96,8.49
10,29-04-2011,1873646.34,0.00,73.38,4.15,129.00,8.49
10,6/5/2011,1841369.99,0.00,73.56,4.19,129.04,8.49
10,13-05-2011,1712995.44,0.00,74.04,4.20,129.09,8.49
10,20-05-2011,1720908.01,0.00,72.62,3.99,129.08,8.49
10,27-05-2011,1743000.38,0.00,78.62,3.93,129.06,8.49
10,3/6/2011,1792210.89,0.00,81.87,3.89,129.05,8.49
10,10/6/2011,1740063.1,0.00,84.57,3.98,129.04,8.49
10,17-06-2011,1817934.76,0.00,87.96,3.94,129.04,8.49
10,24-06-2011,1711813.13,0.00,90.69,3.81,129.07,8.49
10,1/7/2011,1751369.75,0.00,95.36,3.84,129.09,8.26
10,8/7/2011,1699708.38,0.00,88.57,3.79,129.11,8.26
10,15-07-2011,1775068.4,0.00,86.01,3.78,129.13,8.26
10,22-07-2011,1774342.61,0.00,88.59,3.70,129.15,8.26
10,29-07-2011,1745841.33,0.00,86.75,3.69,129.17,8.26
10,5/8/2011,1886299.98,0.00,89.80,3.80,129.18,8.26
10,12/8/2011,1917397.63,0.00,85.61,3.79,129.20,8.26
10,19-08-2011,1954849.68,0.00,87.40,3.74,129.24,8.26
10,26-08-2011,1728399.07,0.00,91.59,3.66,129.28,8.26
10,2/9/2011,1758587.35,0.00,91.61,3.80,129.33,8.26
10,9/9/2011,1670579.82,1.00,89.06,3.77,129.37,8.26
10,16-09-2011,1650894.3,0.00,77.49,3.78,129.43,8.26
10,23-09-2011,1685910.53,0.00,82.51,3.79,129.52,8.26
10,30-09-2011,1627707.31,0.00,82.27,3.88,129.61,8.26
10,7/10/2011,1788227.6,0.00,75.01,3.83,129.69,7.87
10,14-10-2011,1704753.02,0.00,70.27,3.70,129.77,7.87
10,21-10-2011,1745928.56,0.00,77.91,3.84,129.78,7.87
10,28-10-2011,1771792.97,0.00,72.79,3.84,129.79,7.87
10,4/11/2011,1904438.59,0.00,68.57,3.83,129.81,7.87
10,11/11/2011,2076570.84,0.00,55.28,3.68,129.82,7.87
10,18-11-2011,1869087.85,0.00,58.97,3.67,129.83,7.87
10,25-11-2011,2950198.64,1.00,60.68,3.76,129.84,7.87
10,2/12/2011,2068097.18,0.00,57.29,3.70,129.85,7.87
10,9/12/2011,2429310.9,0.00,42.58,3.64,129.86,7.87
10,16-12-2011,2555031.18,0.00,50.53,3.49,129.90,7.87
10,23-12-2011,3487986.89,0.00,48.36,3.54,129.98,7.87
10,30-12-2011,1930690.37,1.00,48.92,3.43,130.07,7.87
10,6/1/2012,1683401.78,0.00,59.85,3.44,130.16,7.55
10,13-01-2012,1711562.73,0.00,51.00,3.48,130.24,7.55
10,20-01-2012,1675562.94,0.00,54.51,3.66,130.28,7.55
10,27-01-2012,1632406,0.00,53.59,3.68,130.31,7.55
10,3/2/2012,1867403.01,0.00,56.85,3.54,130.35,7.55
10,10/2/2012,2218595.8,1.00,55.73,3.72,130.38,7.55
10,17-02-2012,2168709.76,0.00,54.12,3.78,130.45,7.55
10,24-02-2012,2039415.74,0.00,56.02,3.95,130.55,7.55
10,2/3/2012,1990371.02,0.00,57.62,3.88,130.65,7.55
10,9/3/2012,1917483.1,0.00,57.65,3.96,130.74,7.55
10,16-03-2012,1930814.66,0.00,62.11,4.27,130.83,7.55
10,23-03-2012,1837457.69,0.00,56.54,4.29,130.90,7.55
10,30-03-2012,1815760.42,0.00,67.92,4.29,130.97,7.55
10,6/4/2012,2163384.17,0.00,65.99,4.28,131.04,7.38
10,13-04-2012,1974687.51,0.00,70.28,4.25,131.11,7.38
10,20-04-2012,1777166.53,0.00,67.75,4.11,131.12,7.38
10,27-04-2012,1712987.56,0.00,80.11,4.09,131.13,7.38
10,4/5/2012,1821364.42,0.00,77.02,4.06,131.14,7.38
10,11/5/2012,1792345.3,0.00,76.03,4.19,131.15,7.38
10,18-05-2012,1795152.73,0.00,85.19,4.31,131.10,7.38
10,25-05-2012,1830939.1,0.00,86.03,4.13,131.03,7.38
10,1/6/2012,1767471.48,0.00,80.06,4.28,130.96,7.38
10,8/6/2012,1840491.41,0.00,86.87,4.10,130.89,7.38
10,15-06-2012,1811562.88,0.00,88.58,4.14,130.83,7.38
10,22-06-2012,1755334.18,0.00,89.92,4.01,130.79,7.38
10,29-06-2012,1707481.9,0.00,91.36,3.88,130.76,7.38
10,6/7/2012,1805999.79,0.00,86.87,3.67,130.72,7.17
10,13-07-2012,1765571.91,0.00,89.80,3.72,130.68,7.17
10,20-07-2012,1869967.03,0.00,84.45,3.59,130.70,7.17
10,27-07-2012,1817603.66,0.00,83.98,3.77,130.72,7.17
10,3/8/2012,1939440.09,0.00,84.76,3.60,130.74,7.17
10,10/8/2012,1880436.94,0.00,90.78,3.81,130.76,7.17
10,17-08-2012,1827797.4,0.00,88.83,4.00,130.79,7.17
10,24-08-2012,1764984.15,0.00,82.50,4.06,130.84,7.17
10,31-08-2012,1650285.54,0.00,86.97,3.89,130.89,7.17
10,7/9/2012,1708283.28,1.00,83.07,4.12,130.93,7.17
10,14-09-2012,1640168.99,0.00,78.47,3.97,130.98,7.17
10,21-09-2012,1671857.57,0.00,81.93,4.13,131.01,7.17
10,28-09-2012,1694862.41,0.00,82.52,3.97,131.04,7.17
10,5/10/2012,1758971.38,0.00,80.88,4.13,131.08,6.94
10,12/10/2012,1713889.11,0.00,76.03,4.47,131.11,6.94
10,19-10-2012,1734834.82,0.00,72.71,4.45,131.15,6.94
10,26-10-2012,1744349.05,0.00,70.50,4.30,131.19,6.94
